title,link
201001,evernote://view/2489958/s23/a7d806cb-b796-4396-b2a5-61c557f6ccb6/a7d806cb-b796-4396-b2a5-61c557f6ccb6/
201002,evernote://view/2489958/s23/620455aa-17e2-4c80-a820-3b948b2f344d/620455aa-17e2-4c80-a820-3b948b2f344d/
201003,evernote://view/2489958/s23/9d353973-0984-4094-9ac4-da5d62313a46/9d353973-0984-4094-9ac4-da5d62313a46/
201004,evernote://view/2489958/s23/a1f83121-11cf-48c9-8139-41e43d4926b8/a1f83121-11cf-48c9-8139-41e43d4926b8/
201005,evernote://view/2489958/s23/1f901356-75b2-4def-b47c-cd68f67c9642/1f901356-75b2-4def-b47c-cd68f67c9642/
201006,evernote://view/2489958/s23/564f2415-8a3b-484b-9ee0-1941338ef466/564f2415-8a3b-484b-9ee0-1941338ef466/
201007,evernote://view/2489958/s23/7f3f3f7c-c448-4b0a-94d3-8f23118d47d5/7f3f3f7c-c448-4b0a-94d3-8f23118d47d5/
201008,evernote://view/2489958/s23/f5a06724-86b4-413c-8fb6-81caf2176b5f/f5a06724-86b4-413c-8fb6-81caf2176b5f/
201009,evernote://view/2489958/s23/1fc84440-ab4a-4727-8f04-287fcd2ed4b1/1fc84440-ab4a-4727-8f04-287fcd2ed4b1/
201010,evernote://view/2489958/s23/997e67ff-ddab-4cb6-9371-38c801f229f1/997e67ff-ddab-4cb6-9371-38c801f229f1/
201011,evernote://view/2489958/s23/72b3512e-eff4-404e-a8e8-8ec5fca4fe7d/72b3512e-eff4-404e-a8e8-8ec5fca4fe7d/
201012,evernote://view/2489958/s23/974fca6d-37c5-4545-a2d5-8a2e73068a69/974fca6d-37c5-4545-a2d5-8a2e73068a69/
201101,evernote://view/2489958/s23/f45eac88-746a-44c3-946f-3dab3720d5a2/f45eac88-746a-44c3-946f-3dab3720d5a2/
201102,evernote://view/2489958/s23/6a254744-d797-420d-8e97-772d60e292f1/6a254744-d797-420d-8e97-772d60e292f1/
201103,evernote://view/2489958/s23/885c435a-6112-4489-a355-e28d8dea59ef/885c435a-6112-4489-a355-e28d8dea59ef/
201104,evernote://view/2489958/s23/5ae882e0-4a4d-46cc-91af-3eaa9984d34b/5ae882e0-4a4d-46cc-91af-3eaa9984d34b/
201105,evernote://view/2489958/s23/e6f266d7-b291-4f70-93c0-acb17a11ebdb/e6f266d7-b291-4f70-93c0-acb17a11ebdb/
201106,evernote://view/2489958/s23/5c419c2d-9648-4c0d-aecf-ea9b2dcfb772/5c419c2d-9648-4c0d-aecf-ea9b2dcfb772/
201107,evernote://view/2489958/s23/3c4fc8a3-be53-4e81-a1a7-5ba10fd2c1b5/3c4fc8a3-be53-4e81-a1a7-5ba10fd2c1b5/
201108,evernote://view/2489958/s23/c44bd8ea-9122-42ae-ba5b-8ff9a4304e34/c44bd8ea-9122-42ae-ba5b-8ff9a4304e34/
201109,evernote://view/2489958/s23/6cd371bc-2526-47b8-8572-2b7bcab1c042/6cd371bc-2526-47b8-8572-2b7bcab1c042/
201110,evernote://view/2489958/s23/2ffdafac-b626-4bd2-8ed5-730a375b50d2/2ffdafac-b626-4bd2-8ed5-730a375b50d2/
201111,evernote://view/2489958/s23/5cc7ce06-c940-4edc-b956-3c42ff38c68c/5cc7ce06-c940-4edc-b956-3c42ff38c68c/
201112,evernote://view/2489958/s23/15250404-1ce7-4d73-950d-7054743d2107/15250404-1ce7-4d73-950d-7054743d2107/
201201,evernote://view/2489958/s23/ed46fe95-515c-4d43-912f-89826fee79c7/ed46fe95-515c-4d43-912f-89826fee79c7/
201202,evernote://view/2489958/s23/1cc3bf14-14ae-4ece-824f-912da2fd1a16/1cc3bf14-14ae-4ece-824f-912da2fd1a16/
201203,evernote://view/2489958/s23/c3513fa5-34ec-4e99-8891-a042f129e0c1/c3513fa5-34ec-4e99-8891-a042f129e0c1/
201204,evernote://view/2489958/s23/fccfb4cc-bab2-43ba-8ee0-cd624cfef5d5/fccfb4cc-bab2-43ba-8ee0-cd624cfef5d5/
201205,evernote://view/2489958/s23/627218d2-4c0a-4c64-a187-34aed891e390/627218d2-4c0a-4c64-a187-34aed891e390/
201206,evernote://view/2489958/s23/e12e8d11-8df0-4370-8c84-3d0ab39cec44/e12e8d11-8df0-4370-8c84-3d0ab39cec44/
201207,evernote://view/2489958/s23/9c3ceabd-9fbf-46d4-8c72-8c45ae5dbb35/9c3ceabd-9fbf-46d4-8c72-8c45ae5dbb35/
201208,evernote://view/2489958/s23/f6869959-2ee1-4eb4-b8eb-bab503d67b20/f6869959-2ee1-4eb4-b8eb-bab503d67b20/
201209,evernote://view/2489958/s23/fe887e54-571f-4210-ada4-178f2e2346b3/fe887e54-571f-4210-ada4-178f2e2346b3/
201210,evernote://view/2489958/s23/b9980691-9358-4c3f-81a0-0a4c6fc65dbe/b9980691-9358-4c3f-81a0-0a4c6fc65dbe/
201211,evernote://view/2489958/s23/03f2b638-56bc-4efa-9660-7dd2f9d7b1a3/03f2b638-56bc-4efa-9660-7dd2f9d7b1a3/
201212,evernote://view/2489958/s23/1409aa17-e3cb-450d-8181-c003874ceea7/1409aa17-e3cb-450d-8181-c003874ceea7/
201301,evernote://view/2489958/s23/8b408a75-6ed8-4b42-bfb1-4b56c3548c31/8b408a75-6ed8-4b42-bfb1-4b56c3548c31/
201302,evernote://view/2489958/s23/8513fd31-3900-4ddc-8392-78071bed1fb2/8513fd31-3900-4ddc-8392-78071bed1fb2/
201303,evernote://view/2489958/s23/874a982d-6e01-4d4c-babd-16073bec5ba6/874a982d-6e01-4d4c-babd-16073bec5ba6/
201304,evernote://view/2489958/s23/316f9a47-6ffe-4b85-833b-0de65fe8bfb2/316f9a47-6ffe-4b85-833b-0de65fe8bfb2/
201305,evernote://view/2489958/s23/05e2d43a-8464-4670-964d-1a0dd91af88d/05e2d43a-8464-4670-964d-1a0dd91af88d/
201306,evernote://view/2489958/s23/7b71c8ab-a993-4b93-99c3-bbc1c30f22ea/7b71c8ab-a993-4b93-99c3-bbc1c30f22ea/
201307,evernote://view/2489958/s23/b4ad26d3-9da1-452b-ad35-e5fe504d7671/b4ad26d3-9da1-452b-ad35-e5fe504d7671/
201308,evernote://view/2489958/s23/c0287a18-c21c-4cd7-aabe-3455e9402b45/c0287a18-c21c-4cd7-aabe-3455e9402b45/
201309,evernote://view/2489958/s23/127bec8e-2337-42c0-80c4-81ee8ac65a31/127bec8e-2337-42c0-80c4-81ee8ac65a31/
201310,evernote://view/2489958/s23/999d55ad-dd75-440c-bf44-fd9a5fba056e/999d55ad-dd75-440c-bf44-fd9a5fba056e/
201311,evernote://view/2489958/s23/b4fe4024-d14c-4e0a-82c6-7d306205a2b1/b4fe4024-d14c-4e0a-82c6-7d306205a2b1/
201312,evernote://view/2489958/s23/99d691eb-a1f2-4205-8247-a0f9a64f3b6b/99d691eb-a1f2-4205-8247-a0f9a64f3b6b/
201401,evernote://view/2489958/s23/7f2167ac-cfe4-4c2e-a280-ce6f9e5f7dbc/7f2167ac-cfe4-4c2e-a280-ce6f9e5f7dbc/
201402,evernote://view/2489958/s23/767cf5e8-686c-4462-8861-2f461a335623/767cf5e8-686c-4462-8861-2f461a335623/
201403,evernote://view/2489958/s23/91cbf2a4-b1d3-4af3-9474-8a8e12554864/91cbf2a4-b1d3-4af3-9474-8a8e12554864/
201404,evernote://view/2489958/s23/da50499d-ee6b-466f-bcf1-b5d009eb916f/da50499d-ee6b-466f-bcf1-b5d009eb916f/
201405,evernote://view/2489958/s23/dcd44ea4-6e9e-4539-b790-1165fbe20112/dcd44ea4-6e9e-4539-b790-1165fbe20112/
201406,evernote://view/2489958/s23/e6f4543c-70d4-4c12-a548-dabc9b749d2b/e6f4543c-70d4-4c12-a548-dabc9b749d2b/
201407,evernote://view/2489958/s23/375a35c3-98a4-470a-b910-31225ed12245/375a35c3-98a4-470a-b910-31225ed12245/
201408,evernote://view/2489958/s23/6e32a40e-79d2-4b2d-88e8-0c3ec2c03acc/6e32a40e-79d2-4b2d-88e8-0c3ec2c03acc/
201409,evernote://view/2489958/s23/382ff298-9b39-4a74-8d43-87050c886921/382ff298-9b39-4a74-8d43-87050c886921/
201410,evernote://view/2489958/s23/bb5f6def-262a-42cd-be28-8c6e2247299a/bb5f6def-262a-42cd-be28-8c6e2247299a/
201411,evernote://view/2489958/s23/be2b7c1e-e632-40a5-b0a7-77a84a71afee/be2b7c1e-e632-40a5-b0a7-77a84a71afee/
201412,evernote://view/2489958/s23/463cda33-6920-4956-a17e-fa3603f8a1a0/463cda33-6920-4956-a17e-fa3603f8a1a0/
201501,evernote://view/2489958/s23/f1888fcf-165c-49f5-8b2e-80c7cc9db2bb/f1888fcf-165c-49f5-8b2e-80c7cc9db2bb/
201502,evernote://view/2489958/s23/1928687f-9664-4d5f-8d0b-3690c3b6663d/1928687f-9664-4d5f-8d0b-3690c3b6663d/
201503,evernote://view/2489958/s23/fd7e4140-2807-48b3-9620-d1744ed8cf24/fd7e4140-2807-48b3-9620-d1744ed8cf24/
201504,evernote://view/2489958/s23/f825469c-2e63-47ad-b55f-5ca306bcc439/f825469c-2e63-47ad-b55f-5ca306bcc439/
201505,evernote://view/2489958/s23/62801a5b-8288-46cf-97a0-ed5b068eed6e/62801a5b-8288-46cf-97a0-ed5b068eed6e/
201506,evernote://view/2489958/s23/967c429e-191d-4cfb-966b-6e87816eb7d0/967c429e-191d-4cfb-966b-6e87816eb7d0/
201507,evernote://view/2489958/s23/d43718d0-de72-4dea-b322-0daa43e0764f/d43718d0-de72-4dea-b322-0daa43e0764f/
201508,evernote://view/2489958/s23/356e84bb-8cf5-47f4-b7d3-546ec60da660/356e84bb-8cf5-47f4-b7d3-546ec60da660/
201509,evernote://view/2489958/s23/d33b4009-97b8-4871-aff7-9d59c8cb44e3/d33b4009-97b8-4871-aff7-9d59c8cb44e3/
201510,evernote://view/2489958/s23/5b9b27b6-1f0c-4a60-a8b6-681dd9fe2ac5/5b9b27b6-1f0c-4a60-a8b6-681dd9fe2ac5/
201511,evernote://view/2489958/s23/09b8a5ca-f42d-4c25-b49c-45719937cb13/09b8a5ca-f42d-4c25-b49c-45719937cb13/
201512,evernote://view/2489958/s23/69a78c38-b450-403c-9684-724d9336faf5/69a78c38-b450-403c-9684-724d9336faf5/
201601,evernote://view/2489958/s23/89f1d409-344c-4912-a9c5-75afbfed0617/89f1d409-344c-4912-a9c5-75afbfed0617/
201602,evernote://view/2489958/s23/b8732070-38a4-4235-ab29-240adedb37c3/b8732070-38a4-4235-ab29-240adedb37c3/
201603,evernote://view/2489958/s23/eeef6352-760b-40b2-b441-a7fc81c87576/eeef6352-760b-40b2-b441-a7fc81c87576/
201604,evernote://view/2489958/s23/5de20c51-3464-4789-8e29-dae8e6522f2e/5de20c51-3464-4789-8e29-dae8e6522f2e/
201605,evernote://view/2489958/s23/44a9b0d3-7196-4a94-af3e-d72e563da5fe/44a9b0d3-7196-4a94-af3e-d72e563da5fe/
201606,evernote://view/2489958/s23/e261331b-3298-409f-b61b-0c6754f0a05d/e261331b-3298-409f-b61b-0c6754f0a05d/
201607,evernote://view/2489958/s23/8c66b907-b215-46f0-8d2b-702f1a31cb0c/8c66b907-b215-46f0-8d2b-702f1a31cb0c/
201608,evernote://view/2489958/s23/c08d4c77-b8f5-4ae3-a2f0-fc11812d75e9/c08d4c77-b8f5-4ae3-a2f0-fc11812d75e9/
201609,evernote://view/2489958/s23/c83b76f8-f48b-4f29-b751-04ea410af9c9/c83b76f8-f48b-4f29-b751-04ea410af9c9/
201610,evernote://view/2489958/s23/d1596674-7f3a-4acc-9883-6fbce633d987/d1596674-7f3a-4acc-9883-6fbce633d987/
201611,evernote://view/2489958/s23/9ce47cd6-89c7-4c1f-ae32-96177a78918f/9ce47cd6-89c7-4c1f-ae32-96177a78918f/
201612,evernote://view/2489958/s23/cdb05ad9-78a2-4e4a-a403-ff1162ba086d/cdb05ad9-78a2-4e4a-a403-ff1162ba086d/
201701,evernote://view/2489958/s23/ddca8179-1bd4-415d-8b66-e818d628ad6a/ddca8179-1bd4-415d-8b66-e818d628ad6a/
201702,evernote://view/2489958/s23/f2308c85-b50e-48e4-aebf-de8411491293/f2308c85-b50e-48e4-aebf-de8411491293/
201703,evernote://view/2489958/s23/bc8b8450-19f0-46eb-bd52-abcb45ab7be1/bc8b8450-19f0-46eb-bd52-abcb45ab7be1/
201704,evernote://view/2489958/s23/547f2b2d-febc-454b-a59d-a9fd837e1821/547f2b2d-febc-454b-a59d-a9fd837e1821/
201705,evernote://view/2489958/s23/638d52e7-655a-489e-9f39-9b996e02e3b3/638d52e7-655a-489e-9f39-9b996e02e3b3/
201706,evernote://view/2489958/s23/92aefc4e-212e-463e-9326-e08e0d5a8704/92aefc4e-212e-463e-9326-e08e0d5a8704/
201707,evernote://view/2489958/s23/3bb4491d-3ea7-4c64-9ce0-34c86181c1cd/3bb4491d-3ea7-4c64-9ce0-34c86181c1cd/
201708,evernote://view/2489958/s23/2a98c014-2181-4db1-8881-b797e52a392b/2a98c014-2181-4db1-8881-b797e52a392b/
201709,evernote://view/2489958/s23/42824aa5-42d0-4a78-b523-3541cf48258d/42824aa5-42d0-4a78-b523-3541cf48258d/
201710,evernote://view/2489958/s23/739357df-895a-4261-9134-6341831d056e/739357df-895a-4261-9134-6341831d056e/
201711,evernote://view/2489958/s23/028b4ebd-6082-44fd-a3a9-a145e34f4bc1/028b4ebd-6082-44fd-a3a9-a145e34f4bc1/
201712,evernote://view/2489958/s23/84dae517-1612-4212-a08e-45f74faad7b3/84dae517-1612-4212-a08e-45f74faad7b3/
201801,evernote://view/2489958/s23/9cd5e1ac-c79f-4443-82c7-ca2c6342b54b/9cd5e1ac-c79f-4443-82c7-ca2c6342b54b/
201802,evernote://view/2489958/s23/ea520ea4-f6b4-4d7c-a862-4b9f00641f68/ea520ea4-f6b4-4d7c-a862-4b9f00641f68/
201803,evernote://view/2489958/s23/d65dcb00-c1ca-4a8d-b200-b566c8f3ac17/d65dcb00-c1ca-4a8d-b200-b566c8f3ac17/
201804,evernote://view/2489958/s23/3762e0af-a938-40b6-a838-5a40742fd2c4/3762e0af-a938-40b6-a838-5a40742fd2c4/
201805,evernote://view/2489958/s23/b17e3fd5-6eba-4087-95fe-6a0496fe78a1/b17e3fd5-6eba-4087-95fe-6a0496fe78a1/
201806,evernote://view/2489958/s23/0b90b721-dcd9-4afb-9fec-be392fa821b4/0b90b721-dcd9-4afb-9fec-be392fa821b4/
201807,evernote://view/2489958/s23/468c21de-d1cb-49eb-af8b-42aea9d3db6c/468c21de-d1cb-49eb-af8b-42aea9d3db6c/
201808,evernote://view/2489958/s23/b8859345-47d0-4018-88c0-95da83a24862/b8859345-47d0-4018-88c0-95da83a24862/
201809,evernote://view/2489958/s23/2dfc1702-3c98-4071-8d75-e83b81f9569f/2dfc1702-3c98-4071-8d75-e83b81f9569f/
201810,evernote://view/2489958/s23/034e2180-83ab-4e8e-b29d-d675e64691c5/034e2180-83ab-4e8e-b29d-d675e64691c5/
201811,evernote://view/2489958/s23/0a01825d-85ad-4765-be1a-dc93fe2b3996/0a01825d-85ad-4765-be1a-dc93fe2b3996/
201812,evernote://view/2489958/s23/224ac8cc-dda3-4d7e-9a16-f4cb2afbf2b3/224ac8cc-dda3-4d7e-9a16-f4cb2afbf2b3/
201901,evernote://view/2489958/s23/54d41bea-d9c2-4008-8bdb-7e2e3d256a62/54d41bea-d9c2-4008-8bdb-7e2e3d256a62/
201902,evernote://view/2489958/s23/1b2dc53b-9e04-49b5-bf45-8922854e6ab4/1b2dc53b-9e04-49b5-bf45-8922854e6ab4/
201903,evernote://view/2489958/s23/14504c2b-7c99-4290-b6ba-f84276598b62/14504c2b-7c99-4290-b6ba-f84276598b62/
201904,evernote://view/2489958/s23/54d7f62e-d2f0-487e-afbb-5c87362f5855/54d7f62e-d2f0-487e-afbb-5c87362f5855/
201905,evernote://view/2489958/s23/bf037ae9-ca6b-4239-ba3e-c71ca82aa6b1/bf037ae9-ca6b-4239-ba3e-c71ca82aa6b1/
201906,evernote://view/2489958/s23/10c016db-990f-493a-be62-4ff2851d5d2a/10c016db-990f-493a-be62-4ff2851d5d2a/
201907,evernote://view/2489958/s23/c5efee5a-3d19-48e3-9891-39246ad9c2fc/c5efee5a-3d19-48e3-9891-39246ad9c2fc/
201908,evernote://view/2489958/s23/81047e2d-8f59-4210-95a4-2e58bc603b1f/81047e2d-8f59-4210-95a4-2e58bc603b1f/
201909,evernote://view/2489958/s23/4ec40d61-8c53-4cec-ac06-c9bc08212f3a/4ec40d61-8c53-4cec-ac06-c9bc08212f3a/
201910,evernote://view/2489958/s23/694628b1-70ae-4b9b-8ce0-16247dcc4a3b/694628b1-70ae-4b9b-8ce0-16247dcc4a3b/
201911,evernote://view/2489958/s23/c119bb89-4089-4704-ba94-fe5bbaa09eb7/c119bb89-4089-4704-ba94-fe5bbaa09eb7/
201912,evernote://view/2489958/s23/5e2a2346-4600-455c-beb3-dc149b4f74ef/5e2a2346-4600-455c-beb3-dc149b4f74ef/
202001,evernote://view/2489958/s23/00fb5687-5310-44bf-b66a-6355fd1deeb8/00fb5687-5310-44bf-b66a-6355fd1deeb8/
202002,evernote://view/2489958/s23/bd236b5b-fe13-4cab-8bb2-fcb25ddd4182/bd236b5b-fe13-4cab-8bb2-fcb25ddd4182/
202003,evernote://view/2489958/s23/9f2279cd-ccc0-4bb2-8a61-d02db84b404b/9f2279cd-ccc0-4bb2-8a61-d02db84b404b/
202004,evernote://view/2489958/s23/e0c9ea64-1c4b-4650-a9d0-06a4e9af9a9d/e0c9ea64-1c4b-4650-a9d0-06a4e9af9a9d/
202005,evernote://view/2489958/s23/0391e782-9001-4105-8c40-f3679698098c/0391e782-9001-4105-8c40-f3679698098c/
202006,evernote://view/2489958/s23/65c08c5b-198a-47cc-9091-5a9f61c33534/65c08c5b-198a-47cc-9091-5a9f61c33534/
202007,evernote://view/2489958/s23/9487c6b5-dae0-445a-820b-a57531b576de/9487c6b5-dae0-445a-820b-a57531b576de/
202008,evernote://view/2489958/s23/313b0a9c-83d6-41a4-9e2f-ccab9e545ae0/313b0a9c-83d6-41a4-9e2f-ccab9e545ae0/
202009,evernote://view/2489958/s23/46740543-b02c-4a0a-98bd-95a31bce4019/46740543-b02c-4a0a-98bd-95a31bce4019/
202010,evernote://view/2489958/s23/6a49ffbc-3ffc-4081-b1a1-92d3b2072fad/6a49ffbc-3ffc-4081-b1a1-92d3b2072fad/
202011,evernote://view/2489958/s23/70d60afd-8586-4d41-b9ed-3c0d546e1716/70d60afd-8586-4d41-b9ed-3c0d546e1716/
202012,evernote://view/2489958/s23/8bdc86d8-ccd1-4bed-afc8-0f2842ef313b/8bdc86d8-ccd1-4bed-afc8-0f2842ef313b/
202101,evernote://view/2489958/s23/aafbbe97-eb18-4f61-8a49-cc7d2d00f4e1/aafbbe97-eb18-4f61-8a49-cc7d2d00f4e1/
202102,evernote://view/2489958/s23/b13800c8-b41e-49b4-abf0-1cb7a14bf31f/b13800c8-b41e-49b4-abf0-1cb7a14bf31f/
202103,evernote://view/2489958/s23/273ef15c-3869-48cf-966e-6e29134169eb/273ef15c-3869-48cf-966e-6e29134169eb/
202104,evernote://view/2489958/s23/e1c42114-8163-4b4a-aa9b-56accfd3e589/e1c42114-8163-4b4a-aa9b-56accfd3e589/
202105,evernote://view/2489958/s23/dc2e759e-92b9-4a60-9987-45383032ce9c/dc2e759e-92b9-4a60-9987-45383032ce9c/
202106,evernote://view/2489958/s23/0752cd27-dd30-405c-b4e1-ce639703eee6/0752cd27-dd30-405c-b4e1-ce639703eee6/
202107,evernote://view/2489958/s23/098588a2-907f-4b46-b3a7-c63b23e062cc/098588a2-907f-4b46-b3a7-c63b23e062cc/
202108,evernote://view/2489958/s23/d6b6937a-ea61-45d0-9b87-58ae0e07abbd/d6b6937a-ea61-45d0-9b87-58ae0e07abbd/
202109,evernote://view/2489958/s23/848a944c-4ff9-4d41-8d4b-be6be6459c2e/848a944c-4ff9-4d41-8d4b-be6be6459c2e/
202110,evernote://view/2489958/s23/6c9d3273-d9bd-4c9b-9173-fc69afe0ce82/6c9d3273-d9bd-4c9b-9173-fc69afe0ce82/
202111,evernote://view/2489958/s23/d4824c2a-a082-4cab-b2fb-7795db3ab136/d4824c2a-a082-4cab-b2fb-7795db3ab136/
202112,evernote://view/2489958/s23/b009b03b-26fe-41e1-892e-90b9b873fe4c/b009b03b-26fe-41e1-892e-90b9b873fe4c/
202201,evernote://view/2489958/s23/a47e25ec-3e5a-4e18-bf06-77e2cdaa0d2b/a47e25ec-3e5a-4e18-bf06-77e2cdaa0d2b/
202202,evernote://view/2489958/s23/90452c36-dba5-4212-9ddc-7bb5b7d99dfd/90452c36-dba5-4212-9ddc-7bb5b7d99dfd/
202203,evernote://view/2489958/s23/03941659-164e-44c6-95e1-7442fa7a7a89/03941659-164e-44c6-95e1-7442fa7a7a89/
202204,evernote://view/2489958/s23/182d8066-4fdb-4b39-bf9c-6914128a5b3f/182d8066-4fdb-4b39-bf9c-6914128a5b3f/
202205,evernote://view/2489958/s23/5377402c-ab3a-494b-bae5-c2ca4d10fb6a/5377402c-ab3a-494b-bae5-c2ca4d10fb6a/
202206,evernote://view/2489958/s23/c4bfc078-2f57-4c6f-896d-92369990df78/c4bfc078-2f57-4c6f-896d-92369990df78/
202207,evernote://view/2489958/s23/c4192bcf-7783-470f-85fe-05e8e9ba73e1/c4192bcf-7783-470f-85fe-05e8e9ba73e1/
202208,evernote://view/2489958/s23/0251a98f-1b17-41a3-836e-02fe12ab06d2/0251a98f-1b17-41a3-836e-02fe12ab06d2/
202209,evernote://view/2489958/s23/2582101b-a596-461a-812b-d382d02cc309/2582101b-a596-461a-812b-d382d02cc309/
202210,evernote://view/2489958/s23/1001fa41-8704-45ab-abd4-b70d429db579/1001fa41-8704-45ab-abd4-b70d429db579/
202211,evernote://view/2489958/s23/9634edc7-77f5-4807-8c27-5d7251a020f6/9634edc7-77f5-4807-8c27-5d7251a020f6/
202212,evernote://view/2489958/s23/fd65dae4-fb9e-447b-8db1-db076139a590/fd65dae4-fb9e-447b-8db1-db076139a590/
202301,evernote://view/2489958/s23/b203316f-1fe3-4e4f-8e4b-86ccac8a36ec/b203316f-1fe3-4e4f-8e4b-86ccac8a36ec/
202302,evernote://view/2489958/s23/c97878f1-9c0c-4601-be7f-944bbd83e389/c97878f1-9c0c-4601-be7f-944bbd83e389/
202303,evernote://view/2489958/s23/bb068ac4-94bb-4ea2-b2dc-2e9f4c586af1/bb068ac4-94bb-4ea2-b2dc-2e9f4c586af1/
202304,evernote://view/2489958/s23/4b3d7b1a-9e4b-4bcf-ab5d-8ab206dfc1eb/4b3d7b1a-9e4b-4bcf-ab5d-8ab206dfc1eb/
202305,evernote://view/2489958/s23/09446877-e35a-480d-854b-da9c420aa301/09446877-e35a-480d-854b-da9c420aa301/
202306,evernote://view/2489958/s23/93ebad30-c720-4245-8391-8172a8da86a7/93ebad30-c720-4245-8391-8172a8da86a7/
202307,evernote://view/2489958/s23/666bd951-5032-463a-9b65-6e0d8e5d7661/666bd951-5032-463a-9b65-6e0d8e5d7661/
202308,evernote://view/2489958/s23/e79a4f33-897e-4110-a366-664ffa1def1c/e79a4f33-897e-4110-a366-664ffa1def1c/
202309,evernote://view/2489958/s23/d067d3a1-5c43-454e-bbad-bbf812189895/d067d3a1-5c43-454e-bbad-bbf812189895/
202310,evernote://view/2489958/s23/380fffec-5c38-443b-874d-3ebeb161a59d/380fffec-5c38-443b-874d-3ebeb161a59d/
202311,evernote://view/2489958/s23/6457da34-0452-4ae2-8c5c-15e288ce1c8b/6457da34-0452-4ae2-8c5c-15e288ce1c8b/
202312,evernote://view/2489958/s23/9d7e9bde-6f08-4e4d-b19e-7c3f16d6d7b8/9d7e9bde-6f08-4e4d-b19e-7c3f16d6d7b8/
202401,evernote://view/2489958/s23/0cb80205-eb25-4142-8c7e-084ce33f399a/0cb80205-eb25-4142-8c7e-084ce33f399a/
202402,evernote://view/2489958/s23/6a400247-bc5b-4ef4-ac0b-fef902d23805/6a400247-bc5b-4ef4-ac0b-fef902d23805/
202403,evernote://view/2489958/s23/3d5f9ace-25b6-4b9f-b2e5-12aed592f8f4/3d5f9ace-25b6-4b9f-b2e5-12aed592f8f4/
202404,evernote://view/2489958/s23/1c326e96-9ccc-4e22-a92b-5da226415809/1c326e96-9ccc-4e22-a92b-5da226415809/
202405,evernote://view/2489958/s23/7ff2d31d-ce5f-47a4-8e47-d974bb841cf4/7ff2d31d-ce5f-47a4-8e47-d974bb841cf4/
202406,evernote://view/2489958/s23/ec371fae-71b5-42e4-91eb-83fe113da7a5/ec371fae-71b5-42e4-91eb-83fe113da7a5/
202407,evernote://view/2489958/s23/a2d6bcf9-3133-4a72-b7b8-d52171e02a10/a2d6bcf9-3133-4a72-b7b8-d52171e02a10/
202408,evernote://view/2489958/s23/199f4e69-b98c-4f3b-966f-aa9adebb32d1/199f4e69-b98c-4f3b-966f-aa9adebb32d1/
202409,evernote://view/2489958/s23/b8304e6f-f9de-4264-9653-a7aa68d5d903/b8304e6f-f9de-4264-9653-a7aa68d5d903/
202410,evernote://view/2489958/s23/573ac932-dcde-48df-b78a-4e1d567ff40f/573ac932-dcde-48df-b78a-4e1d567ff40f/
202411,evernote://view/2489958/s23/00bdd197-a20d-485b-b9f1-6011322e35d2/00bdd197-a20d-485b-b9f1-6011322e35d2/
202412,evernote://view/2489958/s23/575be4b2-73a2-4b2c-a6f8-40c7c3c3c858/575be4b2-73a2-4b2c-a6f8-40c7c3c3c858/
202501,evernote://view/2489958/s23/59e46c28-445f-4b37-88b0-b375739d4541/59e46c28-445f-4b37-88b0-b375739d4541/
202502,evernote://view/2489958/s23/c64e5064-2699-4215-98ce-64e9098a9057/c64e5064-2699-4215-98ce-64e9098a9057/
202503,evernote://view/2489958/s23/5f85df9b-5367-40e0-9847-c0acfa6dca2d/5f85df9b-5367-40e0-9847-c0acfa6dca2d/
202504,evernote://view/2489958/s23/b3ce348c-2dc2-4577-81c9-0d29c11303d1/b3ce348c-2dc2-4577-81c9-0d29c11303d1/
202505,evernote://view/2489958/s23/f1b9adae-5042-4603-8046-43dc4fc7dc6c/f1b9adae-5042-4603-8046-43dc4fc7dc6c/
202506,evernote://view/2489958/s23/89bd0378-1ad3-478a-aa72-631535ee24c4/89bd0378-1ad3-478a-aa72-631535ee24c4/
202507,evernote://view/2489958/s23/d190d64b-37ea-4abb-9efc-c2a2bb3f06ee/d190d64b-37ea-4abb-9efc-c2a2bb3f06ee/
202508,evernote://view/2489958/s23/6187683f-766a-4340-957a-99445e7a1d23/6187683f-766a-4340-957a-99445e7a1d23/
202509,evernote://view/2489958/s23/3548bd35-39f9-4be9-9b83-872838d1bed5/3548bd35-39f9-4be9-9b83-872838d1bed5/
202510,evernote://view/2489958/s23/7fd920d3-489d-4038-a1d3-48fe9f45c5f3/7fd920d3-489d-4038-a1d3-48fe9f45c5f3/
202511,evernote://view/2489958/s23/53e4e0af-d8a3-46bb-8033-e270e1a867a3/53e4e0af-d8a3-46bb-8033-e270e1a867a3/
202512,evernote://view/2489958/s23/f979e53f-34e5-4e7c-83e6-32b7ed957597/f979e53f-34e5-4e7c-83e6-32b7ed957597/
202601,evernote://view/2489958/s23/a850db9a-2a81-47db-83ba-761da97c7b89/a850db9a-2a81-47db-83ba-761da97c7b89/
202602,evernote://view/2489958/s23/b6c5ac83-3b82-4c0c-b689-bc4277694e67/b6c5ac83-3b82-4c0c-b689-bc4277694e67/
202603,evernote://view/2489958/s23/4d1c56b8-7f47-4809-83d6-ec8e35dd41e2/4d1c56b8-7f47-4809-83d6-ec8e35dd41e2/
202604,evernote://view/2489958/s23/2755be54-f2a8-443a-9b86-ea7b9074b7d2/2755be54-f2a8-443a-9b86-ea7b9074b7d2/
202605,evernote://view/2489958/s23/e179591f-12e8-4880-9fb5-b8ffa3e3e816/e179591f-12e8-4880-9fb5-b8ffa3e3e816/
202606,evernote://view/2489958/s23/70e41815-bfa7-40d4-a67b-f16fbdcfe10d/70e41815-bfa7-40d4-a67b-f16fbdcfe10d/
202607,evernote://view/2489958/s23/62810018-316c-4730-8617-eabdd83e8f15/62810018-316c-4730-8617-eabdd83e8f15/
202608,evernote://view/2489958/s23/6240fd3a-83fb-4362-805b-4b62a9b1f664/6240fd3a-83fb-4362-805b-4b62a9b1f664/
202609,evernote://view/2489958/s23/62a8ca3b-24a6-4ed5-9995-fa22e390cb47/62a8ca3b-24a6-4ed5-9995-fa22e390cb47/
202610,evernote://view/2489958/s23/d45db02b-317a-4654-af16-2b06d73a18c2/d45db02b-317a-4654-af16-2b06d73a18c2/
202611,evernote://view/2489958/s23/baa5f85a-1b9b-47ba-b8d7-8b0c469c4550/baa5f85a-1b9b-47ba-b8d7-8b0c469c4550/
202612,evernote://view/2489958/s23/c9811062-a3b3-463e-8300-88adbc6db79f/c9811062-a3b3-463e-8300-88adbc6db79f/
202701,evernote://view/2489958/s23/9cfa2284-0e3b-47b3-94e0-19372d68b9d3/9cfa2284-0e3b-47b3-94e0-19372d68b9d3/
202702,evernote://view/2489958/s23/b40566cd-942d-489a-8b42-c64761549bcf/b40566cd-942d-489a-8b42-c64761549bcf/
202703,evernote://view/2489958/s23/3a75eb47-6cb2-4407-be34-cda52a2c1525/3a75eb47-6cb2-4407-be34-cda52a2c1525/
202704,evernote://view/2489958/s23/e4286437-a6e5-4919-ae7d-5e253785e4f5/e4286437-a6e5-4919-ae7d-5e253785e4f5/
202705,evernote://view/2489958/s23/72861a6d-495f-4ada-99ee-1b29c24f26df/72861a6d-495f-4ada-99ee-1b29c24f26df/
202706,evernote://view/2489958/s23/b7511196-561e-40b9-93ba-ffadd5857ba7/b7511196-561e-40b9-93ba-ffadd5857ba7/
202707,evernote://view/2489958/s23/29273ae9-0c94-4d24-9583-ed1763679224/29273ae9-0c94-4d24-9583-ed1763679224/
202708,evernote://view/2489958/s23/fef0d281-2e4a-4b8d-8d3b-58811371deb5/fef0d281-2e4a-4b8d-8d3b-58811371deb5/
202709,evernote://view/2489958/s23/ad6e2d32-6e16-4cd0-be4e-8e05765410fe/ad6e2d32-6e16-4cd0-be4e-8e05765410fe/
202710,evernote://view/2489958/s23/7a7a56b6-d994-4f94-8b6d-b2004e6d615b/7a7a56b6-d994-4f94-8b6d-b2004e6d615b/
202711,evernote://view/2489958/s23/c00b2ddf-4286-444d-8bd8-5de24fad9c74/c00b2ddf-4286-444d-8bd8-5de24fad9c74/
202712,evernote://view/2489958/s23/a8421e45-ad6c-4b07-99e6-017dbe8f13b0/a8421e45-ad6c-4b07-99e6-017dbe8f13b0/
202801,evernote://view/2489958/s23/61204f7a-b2c1-458e-9ea0-7c8958f885ee/61204f7a-b2c1-458e-9ea0-7c8958f885ee/
202802,evernote://view/2489958/s23/5798b066-b1b3-4368-a270-04438b2fa8e9/5798b066-b1b3-4368-a270-04438b2fa8e9/
202803,evernote://view/2489958/s23/10a72886-9818-480b-9c14-4eff50b6afb3/10a72886-9818-480b-9c14-4eff50b6afb3/
202804,evernote://view/2489958/s23/50a7135e-6a54-4a26-bfd4-02f1b636e779/50a7135e-6a54-4a26-bfd4-02f1b636e779/
202805,evernote://view/2489958/s23/95d27c3f-0eed-4f16-ac1d-5d55f2012fc9/95d27c3f-0eed-4f16-ac1d-5d55f2012fc9/
202806,evernote://view/2489958/s23/42f08cb7-75ff-4ec1-a262-efda5b70fb95/42f08cb7-75ff-4ec1-a262-efda5b70fb95/
202807,evernote://view/2489958/s23/12357e87-e576-432c-830e-e93df2ae4a6a/12357e87-e576-432c-830e-e93df2ae4a6a/
202808,evernote://view/2489958/s23/aef9c14d-768e-439b-a7f7-2457d2c89917/aef9c14d-768e-439b-a7f7-2457d2c89917/
202809,evernote://view/2489958/s23/28ff42ed-78de-43e6-b021-1128c89c3404/28ff42ed-78de-43e6-b021-1128c89c3404/
202810,evernote://view/2489958/s23/ec49862e-7a47-4d98-a816-08c01e311ced/ec49862e-7a47-4d98-a816-08c01e311ced/
202811,evernote://view/2489958/s23/814d871c-6850-45de-83f7-e7bcfa2a027f/814d871c-6850-45de-83f7-e7bcfa2a027f/
202812,evernote://view/2489958/s23/44f963e2-8685-401d-a608-45b4ca490233/44f963e2-8685-401d-a608-45b4ca490233/
202901,evernote://view/2489958/s23/73d9116f-df43-4385-8042-12301e391010/73d9116f-df43-4385-8042-12301e391010/
202902,evernote://view/2489958/s23/4cab1cdb-8c13-4620-a7d5-5817296fc773/4cab1cdb-8c13-4620-a7d5-5817296fc773/
202903,evernote://view/2489958/s23/8f8d0c2e-0628-4814-95e1-db1dad2a0252/8f8d0c2e-0628-4814-95e1-db1dad2a0252/
202904,evernote://view/2489958/s23/3ddbe4ab-475c-4dd0-a539-5e37c007be95/3ddbe4ab-475c-4dd0-a539-5e37c007be95/
202905,evernote://view/2489958/s23/b2b3b247-1c70-4a87-880f-9ec947a0f038/b2b3b247-1c70-4a87-880f-9ec947a0f038/
202906,evernote://view/2489958/s23/16a7fa1f-378c-4945-a730-4346bfc3f273/16a7fa1f-378c-4945-a730-4346bfc3f273/
202907,evernote://view/2489958/s23/269df916-259e-4efb-a2e4-00f9c3fead79/269df916-259e-4efb-a2e4-00f9c3fead79/
202908,evernote://view/2489958/s23/f8477594-bf2a-43c8-9a19-1eac803e58d8/f8477594-bf2a-43c8-9a19-1eac803e58d8/
202909,evernote://view/2489958/s23/0394230a-e7a4-4d27-96ec-f931ab782916/0394230a-e7a4-4d27-96ec-f931ab782916/
202910,evernote://view/2489958/s23/9b3e3313-c21d-454f-8bc5-dc5f05ba3a21/9b3e3313-c21d-454f-8bc5-dc5f05ba3a21/
202911,evernote://view/2489958/s23/51a5ee0f-f05d-41af-b318-8ecd59bb0e40/51a5ee0f-f05d-41af-b318-8ecd59bb0e40/
202912,evernote://view/2489958/s23/cd46b97e-f62d-4958-83c9-9df87a204bd6/cd46b97e-f62d-4958-83c9-9df87a204bd6/
203001,evernote://view/2489958/s23/5abdc588-35c6-47c1-a842-7edf5461c3d3/5abdc588-35c6-47c1-a842-7edf5461c3d3/
203002,evernote://view/2489958/s23/d31b54ed-298c-4714-8086-ab1f005dffa7/d31b54ed-298c-4714-8086-ab1f005dffa7/
203003,evernote://view/2489958/s23/f9b55409-6f17-4d44-b555-d8dc594bcf4b/f9b55409-6f17-4d44-b555-d8dc594bcf4b/
203004,evernote://view/2489958/s23/2a82a266-2651-4d1f-b573-689afd46b31d/2a82a266-2651-4d1f-b573-689afd46b31d/
203005,evernote://view/2489958/s23/142ad925-3dfd-40e7-b503-460e7b9107e3/142ad925-3dfd-40e7-b503-460e7b9107e3/
203006,evernote://view/2489958/s23/55f962e7-911d-493a-b360-9a2af483086c/55f962e7-911d-493a-b360-9a2af483086c/
203007,evernote://view/2489958/s23/a0d8a910-d9fa-4c89-9e1c-db5ede69c103/a0d8a910-d9fa-4c89-9e1c-db5ede69c103/
203008,evernote://view/2489958/s23/35eb16e7-6793-44f8-afe6-66a5c3084b59/35eb16e7-6793-44f8-afe6-66a5c3084b59/
203009,evernote://view/2489958/s23/c853724e-c699-451c-9ebe-e9c2c8751814/c853724e-c699-451c-9ebe-e9c2c8751814/
203010,evernote://view/2489958/s23/7f2a3301-da8e-4d8e-aaca-0848e7308801/7f2a3301-da8e-4d8e-aaca-0848e7308801/
203011,evernote://view/2489958/s23/4f5ae043-6e7b-4dad-b024-182b725c1054/4f5ae043-6e7b-4dad-b024-182b725c1054/
203012,evernote://view/2489958/s23/0b2cd348-7b99-4a23-aced-a4b8b7822733/0b2cd348-7b99-4a23-aced-a4b8b7822733/
203102,evernote://view/2489958/s23/882f5abb-0cdd-4e4c-bdcc-b31dad2e2160/882f5abb-0cdd-4e4c-bdcc-b31dad2e2160/
203103,evernote://view/2489958/s23/d29abf83-8334-4536-bfeb-c32c057713cf/d29abf83-8334-4536-bfeb-c32c057713cf/
203104,evernote://view/2489958/s23/44da97c9-45a9-4e04-9c05-b3b9c02675df/44da97c9-45a9-4e04-9c05-b3b9c02675df/
203105,evernote://view/2489958/s23/3883beec-46ce-4025-a7db-52f18c75eae8/3883beec-46ce-4025-a7db-52f18c75eae8/
203106,evernote://view/2489958/s23/2e817ec5-2814-4e3f-9dc9-46df84555241/2e817ec5-2814-4e3f-9dc9-46df84555241/
203107,evernote://view/2489958/s23/bcf94707-101d-417e-ac8b-c20ec76ccff8/bcf94707-101d-417e-ac8b-c20ec76ccff8/
203108,evernote://view/2489958/s23/7cfe0d4f-c4ed-497e-994f-26d7b46ef6ce/7cfe0d4f-c4ed-497e-994f-26d7b46ef6ce/
203109,evernote://view/2489958/s23/ddc96e11-497a-4379-8da5-7e0b9d96b02e/ddc96e11-497a-4379-8da5-7e0b9d96b02e/
203110,evernote://view/2489958/s23/b8e83258-90db-4342-aed3-7e65341e6cf9/b8e83258-90db-4342-aed3-7e65341e6cf9/
203111,evernote://view/2489958/s23/68bc19f5-be53-4f57-b2dc-793e1f24337b/68bc19f5-be53-4f57-b2dc-793e1f24337b/
203112,evernote://view/2489958/s23/787b66a7-2011-4e09-ba56-448c02307304/787b66a7-2011-4e09-ba56-448c02307304/
203201,evernote://view/2489958/s23/3af08e5a-eec6-4b3e-8378-5e7e46e21869/3af08e5a-eec6-4b3e-8378-5e7e46e21869/
203202,evernote://view/2489958/s23/db0e15c7-2ec9-4cca-889d-43bac59c7612/db0e15c7-2ec9-4cca-889d-43bac59c7612/
203203,evernote://view/2489958/s23/6efed5f0-de24-499c-af51-c21adad06325/6efed5f0-de24-499c-af51-c21adad06325/
203204,evernote://view/2489958/s23/aa9409cf-27d2-40ff-9c94-7d8eb8ddc6e7/aa9409cf-27d2-40ff-9c94-7d8eb8ddc6e7/
203205,evernote://view/2489958/s23/cc75aca9-c5e1-4632-ba6e-7f3e43225885/cc75aca9-c5e1-4632-ba6e-7f3e43225885/
203206,evernote://view/2489958/s23/9fcd4037-9dd4-4bb6-b42b-acff028ba5cd/9fcd4037-9dd4-4bb6-b42b-acff028ba5cd/
203207,evernote://view/2489958/s23/d52926ab-acd4-4e3c-b7a2-4893b65ad1d3/d52926ab-acd4-4e3c-b7a2-4893b65ad1d3/
203208,evernote://view/2489958/s23/310d7971-0f14-489e-aef2-6244c383dc29/310d7971-0f14-489e-aef2-6244c383dc29/
203209,evernote://view/2489958/s23/7cd438b1-7650-4532-8402-ea835286f615/7cd438b1-7650-4532-8402-ea835286f615/
203210,evernote://view/2489958/s23/3584c3b1-de37-413a-9189-deb89f0fa763/3584c3b1-de37-413a-9189-deb89f0fa763/
203211,evernote://view/2489958/s23/51eae8d6-8baf-4173-bcdd-2ee069cd761a/51eae8d6-8baf-4173-bcdd-2ee069cd761a/
203212,evernote://view/2489958/s23/0bc0d3ee-5c6e-4c2b-9726-bb8e8b442cb7/0bc0d3ee-5c6e-4c2b-9726-bb8e8b442cb7/
