2017/12/23,393.0405061
2017/12/24,394.4961527
2017/12/25,395.9517992
2017/12/26,397.4074458
2017/12/27,398.8630924
2017/12/28,400.3187389
2017/12/29,401.7743855
2017/12/30,403.0768054
2017/12/31,404.3792254
2018/01/01,405.6816453
2018/01/02,406.9840653
2018/01/03,408.2864853
2018/01/04,409.5889052
2018/01/05,412.0405185
2018/01/06,414.4921318
2018/01/07,416.9437451
2018/01/08,419.3953584
2018/01/09,421.8469717
2018/01/10,424.298585
2018/01/11,426.5969717
2018/01/12,428.8953584
2018/01/13,431.1937451
2018/01/14,433.4921318
2018/01/15,435.7905185
2018/01/16,438.0889052
2018/01/17,440.3872919
2018/01/18,442.6856786
2018/01/19,444.9840653
2018/01/20,447.282452
2018/01/21,449.5808387
2018/01/22,451.8792254
2018/01/23,455.0203522
2018/01/24,458.1614791
2018/01/25,461.3026059
2018/01/26,464.4437327
2018/01/27,467.5848596
2018/01/28,470.7259864
2018/01/29,475.0929261
2018/01/30,479.4598658
2018/01/31,483.8268054
2018/02/01,488.1937451
2018/02/02,492.5606848
2018/02/03,496.9276245
2018/02/04,504.435691
2018/02/05,511.9437575
2018/02/06,519.451824
2018/02/07,526.9598906
2018/02/08,534.4679571
2018/02/09,541.9760236
2018/02/10,546.572797
2018/02/11,551.1695704
2018/02/12,555.7663438
2018/02/13,560.3631172
2018/02/14,564.9598906
2018/02/15,569.5566639
2018/02/16,572.7744103
2018/02/17,575.9921566
2018/02/18,579.2099029
2018/02/19,582.4276493
2018/02/20,585.6453956
2018/02/21,588.8631419
2018/02/22,590.7784559
2018/02/23,592.6937699
2018/02/24,594.6090839
2018/02/25,596.5243979
2018/02/26,598.4397119
2018/02/27,600.3550258
2018/02/28,602.8832587
2018/03/01,605.4114915
2018/03/02,607.9397243
2018/03/03,610.4679571
2018/03/04,612.9961899
2018/03/05,615.5244227
2018/03/06,618.5889424
2018/03/07,621.6534621
2018/03/08,624.7179819
2018/03/09,627.7825016
2018/03/10,630.8470213
2018/03/11,633.911541
2018/03/12,635.980094
2018/03/13,638.048647
2018/03/14,640.1172
2018/03/15,642.185753
2018/03/16,644.254306
2018/03/17,646.322859
2018/03/18,648.7744723
2018/03/19,651.2260856
2018/03/20,653.6776989
2018/03/21,656.1293122
2018/03/22,658.5809255
2018/03/23,661.0325388
2018/03/24,662.7946262
2018/03/25,664.5567135
2018/03/26,666.3188009
2018/03/27,668.0808883
2018/03/28,669.8429757
2018/03/29,671.605063
2018/03/30,673.673616
2018/03/31,675.742169
2018/04/01,677.810722
2018/04/02,679.879275
2018/04/03,681.947828
2018/04/04,684.016381
2018/04/05,686.161541
2018/04/06,688.3067011
2018/04/07,690.4518612
2018/04/08,692.5970213
2018/04/09,694.7421814
2018/04/10,696
2018/04/11,698
2018/04/12,701
2018/04/13,703
2018/04/14,706
2018/04/15,708.8390168
2018/04/16,711.2140106
2018/04/17,713.5890044
2018/04/18,715.9639982
2018/04/19,718.338992
2018/04/20,720.7139858
2018/04/21,723.0889796
2018/04/22,724.8510794
2018/04/23,726.6131791
2018/04/24,728.3752789
2018/04/25,730.1373787
2018/04/26,731.8994785
2018/04/27,733.6615782
2018/04/28,735.6535117
2018/04/29,737.6454452
2018/04/30,739.6373787
2018/05/01,741.6293122
2018/05/02,743.6212457
2018/05/03,745.6131791
2018/05/04,747.3752789
2018/05/05,749.1373787
2018/05/06,750.8994785
2018/05/07,752.6615782
2018/05/08,754.423678
2018/05/09,756.1857778
2018/05/10,758.1011042
2018/05/11,760.0164305
2018/05/12,761.9317569
2018/05/13,763.8470833
2018/05/14,765.7624097
2018/05/15,767.6777361
2018/05/16,768.7503099
2018/05/17,769.8228837
2018/05/18,770.8954576
2018/05/19,771.9680314
2018/05/20,773.0406053
2018/05/21,774.1131791
2018/05/22,775.7220523
2018/05/23,777.3309255
2018/05/24,778.9397986
2018/05/25,780.5486718
2018/05/26,782.157545
2018/05/27,783.7664181
2018/05/28,784.9156115
2018/05/29,786.0648048
2018/05/30,787.2139982
2018/05/31,788.3631915
2018/06/01,789.5123849
2018/06/02,790.6615782
2018/06/03,791.810784
2018/06/04,792.9599897
2018/06/05,794.1091955
2018/06/06,795.2584012
2018/06/07,796.407607
2018/06/08,797.5568127
2018/06/09,798.6293865
2018/06/10,799.7019604
2018/06/11,800.7745342
2018/06/12,801.8471081
2018/06/13,802.9196819
2018/06/14,803.9922558
2018/06/15,804.8349959
2018/06/16,805.6777361
2018/06/17,806.5204762
2018/06/18,807.3632163
2018/06/19,808.2059565
2018/06/20,809.0486966
2018/06/21,810.2745094
2018/06/22,811.5003223
2018/06/23,812.7261351
2018/06/24,813.951948
2018/06/25,815.1777608
2018/06/26,816.4035737
2018/06/27,817.0930872
2018/06/28,817.7826008
2018/06/29,818.4721143
2018/06/30,819.1616278
2018/07/01,819.8511413
2018/07/02,820.5406549
2018/07/03,821.5366216
2018/07/04,822.5325884
2018/07/05,823.5285551
2018/07/06,824.5245218
2018/07/07,825.5204886
2018/07/08,826.5164553
2018/07/09,827.5890416
2018/07/10,828.6616278
2018/07/11,829.7342141
2018/07/12,830.8068003
2018/07/13,831.8793865
2018/07/14,832.9519728
2018/07/15,833.4116526
2018/07/16,833.8713324
2018/07/17,834.3310122
2018/07/18,834.7906921
2018/07/19,835.2503719
2018/07/20,835.7100517
2018/07/21,836.6293989
2018/07/22,837.5487462
2018/07/23,838.4680934
2018/07/24,839.3874407
2018/07/25,840.3067879
2018/07/26,841.2261351
2018/07/27,841.9922682
2018/07/28,842.7584012
2018/07/29,843.5245342
2018/07/30,844.2906673
2018/07/31,845.0568003
2018/08/01,845.8229333
2018/08/02,846.5124469
2018/08/03,847.2019604
2018/08/04,847.8914739
2018/08/05,848.5809875
2018/08/06,849.270501
2018/08/07,849.9600145
2018/08/08,850.4963014
2018/08/09,851.0325884
2018/08/10,851.5688753
2018/08/11,852.1051622
2018/08/12,852.6414491
2018/08/13,853.1777361
2018/08/14,853.7906425
2018/08/15,854.4035489
2018/08/16,855.0164553
2018/08/17,855.6293618
2018/08/18,856.2422682
2018/08/19,856.8551746
2018/08/20,857.3148544
2018/08/21,857.7745342
2018/08/22,858.2342141
2018/08/23,858.6938939
2018/08/24,859.1535737
2018/08/25,859.6132535
2018/08/26,860.0729333
2018/08/27,860.5326131
2018/08/28,860.992293
2018/08/29,861.4519728
2018/08/30,861.9116526
2018/08/31,862.3713324
2018/09/01,862.8309998
2018/09/02,863.2906673
2018/09/03,863.7503347
2018/09/04,864.2100021
2018/09/05,864.6696695
2018/09/06,865.129337
2018/09/07,865.5890168
2018/09/08,866.0486966
2018/09/09,866.5083764
2018/09/10,866.9680562
2018/09/11,867.4277361
2018/09/12,867.8874159
2018/09/13,868.4237152
2018/09/14,868.9600145
2018/09/15,869.4963138
2018/09/16,870.0326131
2018/09/17,870.5689125
2018/09/18,871.1052118
2018/09/19,871.6414987
2018/09/20,872.1777856
2018/09/21,872.7140726
2018/09/22,873.2503595
2018/09/23,873.7866464
2018/09/24,874.3229333
2018/09/25,874.8592203
2018/09/26,875.3955072
2018/09/27,875.9317941
2018/09/28,876.468081
2018/09/29,877.0043679
2018/09/30,877.5406549
2018/10/01,877.1575946
2018/10/02,876.7745342
2018/10/03,876.3914739
2018/10/04,876.0084136
2018/10/05,875.6253533
2018/10/06,875.242293
2018/10/07,875.7019604
2018/10/08,876.1616278
2018/10/09,876.6212952
2018/10/10,877.0809627
2018/10/11,877.5406301
2018/10/12,878.0002975
2018/10/13,876.8511166
2018/10/14,875.1273451
2018/10/15,874.6964023
2018/10/16,873.4035737
2018/10/17,872.4842141
2018/10/18,871.0132386
2018/10/19,869.6893608
2018/10/20,868.9832926
2018/10/21,868.8067755
2018/10/22,866.9680748
2018/10/23,864.2100238
2018/10/24,863.5205111
2018/10/25,861.4519728
2018/10/26,859.6132535
2018/10/27,856.6713027
2018/10/28,854.0235469
2018/10/29,852.6114105
2018/10/30,852.2583764
2018/10/31,850.5116005
2018/11/01,847.7167591
2018/11/02,845.2014019
2018/11/03,843.859878
2018/11/04,843.524497
2018/11/05,839.0426467
2018/11/06,832.3198712
2018/11/07,830.6391773
2018/11/08,825.5970957
2018/11/09,820.4487115
2018/11/10,812.2112967
2018/11/11,804.7976234
2018/11/12,800.8436644
2018/11/13,799.8551746
2018/11/14,795.993879
2018/11/15,789.815806
2018/11/16,784.2555404
2018/11/17,781.2900654
2018/11/18,780.5486966
2018/11/19,779.2615931
2018/11/20,777.2022275
2018/11/21,775.3487985
2018/11/22,774.360303
2018/11/23,774.1131791
2018/11/24,772.7341583
2018/11/25,770.665627
2018/11/26,770.1484942
2018/11/27,768.5970957
2018/11/28,767.861608
2018/11/29,766.6848276
2018/11/30,765.6257253
2018/12/01,765.0608708
2018/12/02,764.9196571
2018/12/03,764.3680414
2018/12/04,763.4854561
2018/12/05,762.6911294
2018/12/06,762.2674885
2018/12/07,762.1615782
2018/12/08,761.7019058
2018/12/09,760.96643
2018/12/10,760.3045018
2018/12/11,759.9514734
2018/12/12,759.8632163
2018/12/13,759.587401
2018/12/14,759.1460965
2018/12/15,758.7489224
2018/12/16,758.5370962
2018/12/17,758.4841397
2018/12/18,757.7486668
2018/12/19,756.5719103
2018/12/20,755.5128294
2018/12/21,754.9479863
2018/12/22,754.8067755
2018/12/23,754.8067755
2018/12/24,754.8067755
2018/12/25,754.8067755
2018/12/26,754.8067755
2018/12/27,754.8067755
2018/12/28,754.2551597
2018/12/29,753.3725745
2018/12/30,752.5782477
2018/12/31,752.1546068
2019/01/01,752.0486966
2019/01/02,752.6003124
2019/01/03,753.4828976
2019/01/04,754.2772244
2019/01/05,754.7008653
2019/01/06,754.8067755
2019/01/07,755.3583764
2019/01/08,756.2409379
2019/01/09,757.0352432
2019/01/10,757.4588727
2019/01/11,757.56478
2019/01/12,758.4841397
2019/01/13,759.9551151
2019/01/14,761.278993
2019/01/15,761.9850612
2019/01/16,762.1615782
2019/01/17,762.621258
2019/01/18,763.0809379
2019/01/19,763.5406177
2019/01/20,764.0002975
2019/01/21,764.4599773
2019/01/22,764.9196571
2019/01/23,766.666433
2019/01/24,769.4612744
2019/01/25,771.9766317
2019/01/26,773.3181555
2019/01/27,773.6535365
2019/01/28,775.2164405
2019/01/29,777.7170868
2019/01/30,779.9676684
2019/01/31,781.1679787
2019/02/01,781.4680562
2019/02/02,785.7890242
2019/02/03,792.702573
2019/02/04,798.9247669
2019/02/05,802.2432703
2019/02/06,803.0728961
2019/02/07,805.4478899
2019/02/08,807.8228837
2019/02/09,810.1978775
2019/02/10,812.5728714
2019/02/11,814.9478652
2019/02/12,817.322859
2019/02/13,820.6325388
2019/02/14,825.9280265
2019/02/15,830.6939654
2019/02/16,833.2357995
2019/02/17,833.871258
2019/02/18,836.6293221
2019/02/19,841.0422245
2019/02/20,845.0138368
2019/02/21,847.1320299
2019/02/22,847.6615782
2019/02/23,849.1938443
2019/02/24,850.7261104
2019/02/25,852.2583764
2019/02/26,853.7906425
2019/02/27,855.3229085
2019/02/28,856.8551746
2019/03/01,859.4293667
2019/03/02,863.5480741
2019/03/03,867.2549107
2019/03/04,869.2318903
2019/03/05,869.7261351
2019/03/06,871.3809676
2019/03/07,874.0286996
2019/03/08,876.4116583
2019/03/09,877.6825697
2019/03/10,878.0002975
2019/03/11,879.5325636
2019/03/12,881.0648296
2019/03/13,882.5970957
2019/03/14,884.1293618
2019/03/15,885.6616278
2019/03/16,887.1938939
2019/03/17,888.205182
2019/03/18,889.8232431
2019/03/19,891.2794981
2019/03/20,892.0561674
2019/03/21,902.8823437
2019/03/22,913.7646875
2019/03/23,924.6470312
2019/03/24,935.5293749
2019/03/25,946.4117187
2019/03/26,957.2940624
2019/03/27,968.1764062
2019/03/28,979.0587499
2019/03/29,989.9410936
2019/03/30,1000.823437
2019/03/31,1011.705781
2019/04/01,1022.588125
2019/04/02,1033.470469
2019/04/03,1044.352812
2019/04/04,1055.235156
2019/04/05,1066.1175
2019/04/06,1076.999844
2019/04/07,1087.882187
2019/04/08,1098.764531
2019/04/09,1109.646875
2019/04/10,1120.529218
2019/04/11,1131.411562
2019/04/12,1142.293906
2019/04/13,1153.17625
2019/04/14,1164.058593
2019/04/15,1174.940937
2019/04/16,1185.823281
2019/04/17,1196.705625
2019/04/18,1207.587968
2019/04/19,1218.470312
2019/04/20,1229.352656
2019/04/21,1240.235
2019/04/22,1251.117343
2019/04/23,1261.999687
2019/04/24,1272.882031
2019/04/25,1283.764375
2019/04/26,1294.646718
2019/04/27,1305.529062
2019/04/28,1316.411406
2019/04/29,1327.293749
2019/04/30,1338.176093
2019/05/01,1349.058437
2019/05/02,1359.940781
2019/05/03,1370.823124
2019/05/04,1381.705468
2019/05/05,1392.587812
2019/05/06,1403.470156
2019/05/07,1414.352499
2019/05/08,1425.234843
2019/05/09,1436.117187
2019/05/10,1446.999531
2019/05/11,1457.881874
2019/05/12,1468.764218
2019/05/13,1479.646562
2019/05/14,1490.528906
2019/05/15,1501.411249
2019/05/16,1512.293593
2019/05/17,1523.175937
2019/05/18,1534.05828
2019/05/19,1544.940624
2019/05/20,1555.822968
2019/05/21,1566.705312
2019/05/22,1577.587655
2019/05/23,1588.469999
2019/05/24,1599.352343
2019/05/25,1610.234687
2019/05/26,1621.11703
2019/05/27,1631.999374
2019/05/28,1642.881718
2019/05/29,1653.764062
2019/05/30,1664.646405
2019/05/31,1675.528749
2019/06/01,1686.411093
2019/06/02,1697.293436
2019/06/03,1708.17578
2019/06/04,1719.058124
2019/06/05,1729.940468
2019/06/06,1740.822811
2019/06/07,1751.705155
2019/06/08,1762.587499
2019/06/09,1773.469843
2019/06/10,1784.352186
2019/06/11,1795.23453
2019/06/12,1806.116874
2019/06/13,1816.999218
2019/06/14,1827.881561
2019/06/15,1838.763905
2019/06/16,1849.646249
2019/06/17,1860.528593
2019/06/18,1871.410936
2019/06/19,1882.29328
2019/06/20,1893.175624
2019/06/21,1904.057967
2019/06/22,1914.940311
2019/06/23,1925.822655
2019/06/24,1936.704999
2019/06/25,1947.587342
2019/06/26,1958.469686
2019/06/27,1969.35203
2019/06/28,1980.234374
2019/06/29,1991.116717
2019/06/30,2001.999061
2019/07/01,2012.881405
2019/07/02,2023.763749
2019/07/03,2034.646092
2019/07/04,2045.528436
2019/07/05,2056.41078
2019/07/06,2067.293124
2019/07/07,2078.175467
2019/07/08,2089.057811
2019/07/09,2099.940155
2019/07/10,2110.822498
2019/07/11,2121.704842
2019/07/12,2132.587186
2019/07/13,2143.46953
2019/07/14,2154.351873
2019/07/15,2165.234217
2019/07/16,2176.116561
2019/07/17,2186.998905
2019/07/18,2197.881248
2019/07/19,2208.763592
2019/07/20,2219.645936
2019/07/21,2230.52828
2019/07/22,2241.410623
2019/07/23,2252.292967
2019/07/24,2263.175311
2019/07/25,2274.057655
2019/07/26,2284.939998
2019/07/27,2295.822342
2019/07/28,2306.704686
2019/07/29,2317.587029
2019/07/30,2328.469373
2019/07/31,2339.351717
2019/08/01,2350.234061
2019/08/02,2361.116404
2019/08/03,2371.998748
2019/08/04,2382.881092
2019/08/05,2393.763436
2019/08/06,2404.645779
2019/08/07,2415.528123
2019/08/08,2426.410467
2019/08/09,2437.292811
2019/08/10,2448.175154
2019/08/11,2459.057498
2019/08/12,2469.939842
2019/08/13,2480.822186
2019/08/14,2491.704529
2019/08/15,2502.586873
2019/08/16,2513.469217
2019/08/17,2524.35156
2019/08/18,2535.233904
2019/08/19,2546.116248
2019/08/20,2556.998592
2019/08/21,2567.880935
2019/08/22,2578.763279
2019/08/23,2589.645623
2019/08/24,2600.527967
2019/08/25,2611.41031
2019/08/26,2622.292654
2019/08/27,2633.174998
2019/08/28,2644.057342
2019/08/29,2654.939685
2019/08/30,2665.822029
2019/08/31,2676.704373
2019/09/01,2687.586717
2019/09/02,2698.46906
2019/09/03,2709.351404
2019/09/04,2720.233748
2019/09/05,2731.116091
2019/09/06,2741.998435
2019/09/07,2752.880779
2019/09/08,2763.763123
2019/09/09,2774.645466
2019/09/10,2785.52781
2019/09/11,2796.410154
2019/09/12,2807.292498
2019/09/13,2818.174841
2019/09/14,2829.057185
2019/09/15,2839.939529
2019/09/16,2850.821873
2019/09/17,2861.704216
2019/09/18,2872.58656
2019/09/19,2883.468904
2019/09/20,2894.351248
2019/09/21,2905.233591
2019/09/22,2916.115935
2019/09/23,2926.998279
2019/09/24,2937.880622
2019/09/25,2948.762966
2019/09/26,2959.64531
2019/09/27,2970.527654
2019/09/28,2981.409997
2019/09/29,2992.292341
2019/09/30,3003.174685
2019/10/01,3014.057029
2019/10/02,3024.939372
2019/10/03,3035.821716
2019/10/04,3046.70406
2019/10/05,3057.586404
2019/10/06,3068.468747
2019/10/07,3079.351091
2019/10/08,3090.233435
2019/10/09,3101.115778
2019/10/10,3111.998122
2019/10/11,3122.880466
2019/10/12,3133.76281
2019/10/13,3144.645153
2019/10/14,3155.527497
2019/10/15,3166.409841
2019/10/16,3177.292185
2019/10/17,3188.174528
2019/10/18,3199.056872
2019/10/19,3209.939216
2019/10/20,3220.82156
2019/10/21,3231.703903
2019/10/22,3242.586247
2019/10/23,3253.468591
2019/10/24,3264.350935
2019/10/25,3275.233278
2019/10/26,3286.115622
2019/10/27,3296.997966
2019/10/28,3307.880309
2019/10/29,3318.762653
2019/10/30,3329.644997
2019/10/31,3340.527341
2019/11/01,3351.409684
2019/11/02,3362.292028
2019/11/03,3373.174372
2019/11/04,3384.056716
2019/11/05,3394.939059
2019/11/06,3405.821403
2019/11/07,3416.703747
2019/11/08,3427.586091
2019/11/09,3438.468434
2019/11/10,3449.350778
2019/11/11,3460.233122
2019/11/12,3471.115466
2019/11/13,3481.997809
2019/11/14,3492.880153
2019/11/15,3503.762497
2019/11/16,3514.64484
2019/11/17,3525.527184
2019/11/18,3536.409528
2019/11/19,3547.291872
2019/11/20,3558.174215
2019/11/21,3569.056559
2019/11/22,3579.938903
2019/11/23,3590.821247
2019/11/24,3601.70359
2019/11/25,3612.585934
2019/11/26,3623.468278
2019/11/27,3634.350622
2019/11/28,3645.232965
2019/11/29,3656.115309
2019/11/30,3666.997653
2019/12/01,3677.879997
2019/12/02,3688.76234
2019/12/03,3699.644684
2019/12/04,3710.527028
2019/12/05,3721.409371
2019/12/06,3732.291715
2019/12/07,3743.174059
2019/12/08,3754.056403
2019/12/09,3764.938746
2019/12/10,3775.82109
2019/12/11,3786.703434
2019/12/12,3797.585778
2019/12/13,3808.468121
2019/12/14,3819.350465
2019/12/15,3830.232809
2019/12/16,3841.115153
2019/12/17,3851.997496
2019/12/18,3862.87984
2019/12/19,3873.762184
2019/12/20,3884.644528
2019/12/21,3895.526871
2019/12/22,3906.409215
2019/12/23,3917.291559
2019/12/24,3928.173902
2019/12/25,3939.056246
2019/12/26,3949.93859
2019/12/27,3960.820934
2019/12/28,3971.703277
2019/12/29,3982.585621
2019/12/30,3993.467965
2019/12/31,4004.350309
2020/01/01,4015.232652
2020/01/02,4026.114996
2020/01/03,4036.99734
2020/01/04,4047.879684
2020/01/05,4058.762027
2020/01/06,4069.644371
2020/01/07,4080.526715
2020/01/08,4091.409059
2020/01/09,4102.291402
2020/01/10,4113.173746
2020/01/11,4124.05609
2020/01/12,4134.938433
2020/01/13,4145.820777
2020/01/14,4156.703121
2020/01/15,4167.585465
2020/01/16,4178.467808
2020/01/17,4189.350152
2020/01/18,4200.232496
2020/01/19,4211.11484
2020/01/20,4221.997183
2020/01/21,4232.879527
2020/01/22,4243.761871
2020/01/23,4254.644215
2020/01/24,4265.526558
2020/01/25,4276.408902
2020/01/26,4287.291246
2020/01/27,4298.173589
2020/01/28,4309.055933
2020/01/29,4319.938277
2020/01/30,4330.820621
2020/01/31,4341.702964
2020/02/01,4352.585308
2020/02/02,4363.467652
2020/02/03,4374.349996
2020/02/04,4385.232339
2020/02/05,4396.114683
2020/02/06,4406.997027
2020/02/07,4417.879371
2020/02/08,4428.761714
2020/02/09,4439.644058
2020/02/10,4450.526402
2020/02/11,4461.408746
2020/02/12,4472.291089
2020/02/13,4483.173433
2020/02/14,4494.055777
2020/02/15,4504.93812
2020/02/16,4515.820464
2020/02/17,4526.702808
2020/02/18,4537.585152
2020/02/19,4548.467495
2020/02/20,4559.349839
2020/02/21,4570.232183
2020/02/22,4581.114527
2020/02/23,4591.99687
2020/02/24,4602.879214
2020/02/25,4613.761558
2020/02/26,4624.643902
2020/02/27,4635.526245
2020/02/28,4646.408589
2020/02/29,4657.290933
2020/03/01,4668.173277
2020/03/02,4679.05562
2020/03/03,4689.937964
2020/03/04,4700.820308
2020/03/05,4711.702651
2020/03/06,4722.584995
2020/03/07,4733.467339
2020/03/08,4744.349683
2020/03/09,4755.232026
2020/03/10,4766.11437
2020/03/11,4776.996714
2020/03/12,4787.879058
2020/03/13,4798.761401
2020/03/14,4809.643745
2020/03/15,4820.526089
2020/03/16,4831.408433
2020/03/17,4842.290776
2020/03/18,4853.17312
2020/03/19,4864.055464
2020/03/20,4874.937808
2020/03/21,4885.820151
2020/03/22,4896.702495
2020/03/23,4907.584839
2020/03/24,4918.467182
2020/03/25,4929.349526
2020/03/26,4940.23187
2020/03/27,4951.114214
2020/03/28,4961.996557
2020/03/29,4972.878901
2020/03/30,4983.761245
2020/03/31,4994.643589
2020/04/01,5005.525932
2020/04/02,5016.408276
2020/04/03,5027.29062
2020/04/04,5038.172964
2020/04/05,5049.055307
2020/04/06,5059.937651
2020/04/07,5070.819995
2020/04/08,5081.702339
2020/04/09,5092.584682
2020/04/10,5103.467026
2020/04/11,5114.34937
2020/04/12,5125.231713
2020/04/13,5136.114057
2020/04/14,5146.996401
2020/04/15,5157.878745
2020/04/16,5168.761088
2020/04/17,5179.643432
2020/04/18,5190.525776
2020/04/19,5201.40812
2020/04/20,5212.290463
2020/04/21,5223.172807
2020/04/22,5234.055151
2020/04/23,5244.937495
2020/04/24,5255.819838
2020/04/25,5266.702182
2020/04/26,5277.584526
2020/04/27,5288.46687
2020/04/28,5299.349213
2020/04/29,5310.231557
2020/04/30,5321.113901
2020/05/01,5331.996244
2020/05/02,5342.878588
2020/05/03,5353.760932
2020/05/04,5364.643276
2020/05/05,5375.525619
2020/05/06,5386.407963
2020/05/07,5397.290307
2020/05/08,5408.172651
2020/05/09,5419.054994
2020/05/10,5429.937338
2020/05/11,5440.819682
2020/05/12,5451.702026
2020/05/13,5462.584369
2020/05/14,5473.466713
2020/05/15,5484.349057
2020/05/16,5495.231401
2020/05/17,5506.113744
2020/05/18,5516.996088
2020/05/19,5527.878432
2020/05/20,5538.760775
2020/05/21,5549.643119
2020/05/22,5560.525463
2020/05/23,5571.407807
2020/05/24,5582.29015
2020/05/25,5593.172494
2020/05/26,5604.054838
2020/05/27,5614.937182
2020/05/28,5625.819525
2020/05/29,5636.701869
2020/05/30,5647.584213
2020/05/31,5658.466557
2020/06/01,5669.3489
2020/06/02,5680.231244
2020/06/03,5691.113588
2020/06/04,5701.995931
2020/06/05,5712.878275
2020/06/06,5723.760619
2020/06/07,5734.642963
2020/06/08,5745.525306
2020/06/09,5756.40765
2020/06/10,5767.289994
2020/06/11,5778.172338
2020/06/12,5789.054681
2020/06/13,5799.937025
2020/06/14,5810.819369
2020/06/15,5821.701713
2020/06/16,5832.584056
2020/06/17,5843.4664
2020/06/18,5854.348744
2020/06/19,5865.231088
2020/06/20,5876.113431
2020/06/21,5886.995775
2020/06/22,5897.878119
2020/06/23,5908.760462
2020/06/24,5919.642806
2020/06/25,5930.52515
2020/06/26,5941.407494
2020/06/27,5952.289837
2020/06/28,5963.172181
2020/06/29,5974.054525
2020/06/30,5984.936869
2020/07/01,5995.819212
2020/07/02,6006.701556
2020/07/03,6017.5839
2020/07/04,6028.466244
2020/07/05,6039.348587
2020/07/06,6050.230931
2020/07/07,6061.113275
2020/07/08,6071.995619
2020/07/09,6082.877962
2020/07/10,6093.760306
2020/07/11,6104.64265
2020/07/12,6115.524993
2020/07/13,6126.407337
2020/07/14,6137.289681
2020/07/15,6148.172025
2020/07/16,6159.054368
2020/07/17,6169.936712
2020/07/18,6180.819056
2020/07/19,6191.7014
2020/07/20,6202.583743
2020/07/21,6213.466087
2020/07/22,6224.348431
2020/07/23,6235.230775
2020/07/24,6246.113118
2020/07/25,6256.995462
2020/07/26,6267.877806
2020/07/27,6278.76015
2020/07/28,6289.642493
2020/07/29,6300.524837
2020/07/30,6311.407181
2020/07/31,6322.289524
2020/08/01,6333.171868
2020/08/02,6344.054212
2020/08/03,6354.936556
2020/08/04,6365.818899
2020/08/05,6376.701243
2020/08/06,6387.583587
2020/08/07,6398.465931
2020/08/08,6409.348274
2020/08/09,6420.230618
2020/08/10,6431.112962
2020/08/11,6441.995306
2020/08/12,6452.877649
2020/08/13,6463.759993
2020/08/14,6474.642337
2020/08/15,6485.524681
2020/08/16,6496.407024
2020/08/17,6507.289368
2020/08/18,6518.171712
2020/08/19,6529.054055
2020/08/20,6539.936399
2020/08/21,6550.818743
2020/08/22,6561.701087
2020/08/23,6572.58343
2020/08/24,6583.465774
2020/08/25,6594.348118
2020/08/26,6605.230462
2020/08/27,6616.112805
2020/08/28,6626.995149
2020/08/29,6637.877493
2020/08/30,6648.759837
2020/08/31,6659.64218
2020/09/01,6670.524524
2020/09/02,6681.406868
2020/09/03,6692.289212
2020/09/04,6703.171555
2020/09/05,6714.053899
2020/09/06,6724.936243
2020/09/07,6735.818586
2020/09/08,6746.70093
2020/09/09,6757.583274
2020/09/10,6768.465618
2020/09/11,6779.347961
2020/09/12,6790.230305
2020/09/13,6801.112649
2020/09/14,6811.994993
2020/09/15,6822.877336
2020/09/16,6833.75968
2020/09/17,6844.642024
2020/09/18,6855.524368
2020/09/19,6866.406711
2020/09/20,6877.289055
2020/09/21,6888.171399
2020/09/22,6899.053743
2020/09/23,6909.936086
2020/09/24,6920.81843
2020/09/25,6931.700774
2020/09/26,6942.583117
2020/09/27,6953.465461
2020/09/28,6964.347805
2020/09/29,6975.230149
2020/09/30,6986.112492
2020/10/01,6996.994836
2020/10/02,7007.87718
2020/10/03,7018.759524
2020/10/04,7029.641867
2020/10/05,7040.524211
2020/10/06,7051.406555
2020/10/07,7062.288899
2020/10/08,7073.171242
2020/10/09,7084.053586
2020/10/10,7094.93593
2020/10/11,7105.818273
2020/10/12,7116.700617
2020/10/13,7127.582961
2020/10/14,7138.465305
2020/10/15,7149.347648
2020/10/16,7160.229992
2020/10/17,7171.112336
2020/10/18,7181.99468
2020/10/19,7192.877023
2020/10/20,7203.759367
2020/10/21,7214.641711
2020/10/22,7225.524055
2020/10/23,7236.406398
2020/10/24,7247.288742
2020/10/25,7258.171086
2020/10/26,7269.05343
2020/10/27,7279.935773
2020/10/28,7290.818117
2020/10/29,7301.700461
2020/10/30,7312.582804
2020/10/31,7323.465148
2020/11/01,7334.347492
2020/11/02,7345.229836
2020/11/03,7356.112179
2020/11/04,7366.994523
2020/11/05,7377.876867
2020/11/06,7388.759211
2020/11/07,7399.641554
2020/11/08,7410.523898
2020/11/09,7421.406242
2020/11/10,7432.288586
2020/11/11,7443.170929
2020/11/12,7454.053273
2020/11/13,7464.935617
2020/11/14,7475.817961
2020/11/15,7486.700304
2020/11/16,7497.582648
2020/11/17,7508.464992
2020/11/18,7519.347335
2020/11/19,7530.229679
2020/11/20,7541.112023
2020/11/21,7551.994367
2020/11/22,7562.87671
2020/11/23,7573.759054
2020/11/24,7584.641398
2020/11/25,7595.523742
2020/11/26,7606.406085
2020/11/27,7617.288429
2020/11/28,7628.170773
2020/11/29,7639.053117
2020/11/30,7649.93546
2020/12/01,7660.817804
2020/12/02,7671.700148
2020/12/03,7682.582492
2020/12/04,7693.464835
2020/12/05,7704.347179
2020/12/06,7715.229523
2020/12/07,7726.111866
2020/12/08,7736.99421
2020/12/09,7747.876554
2020/12/10,7758.758898
2020/12/11,7769.641241
2020/12/12,7780.523585
2020/12/13,7791.405929
2020/12/14,7802.288273
2020/12/15,7813.170616
2020/12/16,7824.05296
2020/12/17,7834.935304
2020/12/18,7845.817648
2020/12/19,7856.699991
2020/12/20,7867.582335
2020/12/21,7878.464679
2020/12/22,7889.347023
2020/12/23,7900.229366
2020/12/24,7911.11171
2020/12/25,7921.994054
2020/12/26,7932.876397
2020/12/27,7943.758741
2020/12/28,7954.641085
2020/12/29,7965.523429
2020/12/30,7976.405772
2020/12/31,7987.288116
2021/01/01,7998.17046
2021/01/02,8009.052804
2021/01/03,8019.935147
2021/01/04,8030.817491
2021/01/05,8041.699835
2021/01/06,8052.582179
2021/01/07,8063.464522
2021/01/08,8074.346866
2021/01/09,8085.22921
2021/01/10,8096.111554
2021/01/11,8106.993897
2021/01/12,8117.876241
2021/01/13,8128.758585
2021/01/14,8139.640928
2021/01/15,8150.523272
2021/01/16,8161.405616
2021/01/17,8172.28796
2021/01/18,8183.170303
2021/01/19,8194.052647
2021/01/20,8204.934991
2021/01/21,8215.817335
2021/01/22,8226.699678
2021/01/23,8237.582022
2021/01/24,8248.464366
2021/01/25,8259.34671
2021/01/26,8270.229053
2021/01/27,8281.111397
2021/01/28,8291.993741
2021/01/29,8302.876085
2021/01/30,8313.758428
2021/01/31,8324.640772
2021/02/01,8335.523116
2021/02/02,8346.405459
2021/02/03,8357.287803
2021/02/04,8368.170147
2021/02/05,8379.052491
2021/02/06,8389.934834
2021/02/07,8400.817178
2021/02/08,8411.699522
2021/02/09,8422.581866
2021/02/10,8433.464209
2021/02/11,8444.346553
2021/02/12,8455.228897
2021/02/13,8466.111241
2021/02/14,8476.993584
2021/02/15,8487.875928
2021/02/16,8498.758272
2021/02/17,8509.640615
2021/02/18,8520.522959
2021/02/19,8531.405303
2021/02/20,8542.287647
2021/02/21,8553.16999
2021/02/22,8564.052334
2021/02/23,8574.934678
2021/02/24,8585.817022
2021/02/25,8596.699365
2021/02/26,8607.581709
2021/02/27,8618.464053
2021/02/28,8629.346397
2021/03/01,8640.22874
2021/03/02,8651.111084
2021/03/03,8661.993428
2021/03/04,8672.875772
2021/03/05,8683.758115
2021/03/06,8694.640459
2021/03/07,8705.522803
2021/03/08,8716.405146
2021/03/09,8727.28749
2021/03/10,8738.169834
2021/03/11,8749.052178
2021/03/12,8759.934521
2021/03/13,8770.816865
2021/03/14,8781.699209
2021/03/15,8792.581553
2021/03/16,8803.463896
2021/03/17,8814.34624
2021/03/18,8825.228584
2021/03/19,8836.110928
2021/03/20,8846.993271
2021/03/21,8857.875615
2021/03/22,8868.757959
2021/03/23,8879.640303
2021/03/24,8890.522646
2021/03/25,8901.40499
2021/03/26,8912.287334
2021/03/27,8923.169677
2021/03/28,8934.052021
2021/03/29,8944.934365
2021/03/30,8955.816709
2021/03/31,8966.699052
2021/04/01,8977.581396
2021/04/02,8988.46374
2021/04/03,8999.346084
2021/04/04,9010.228427
2021/04/05,9021.110771
2021/04/06,9031.993115
2021/04/07,9042.875459
2021/04/08,9053.757802
2021/04/09,9064.640146
2021/04/10,9075.52249
2021/04/11,9086.404834
2021/04/12,9097.287177
2021/04/13,9108.169521
2021/04/14,9119.051865
2021/04/15,9129.934208
2021/04/16,9140.816552
2021/04/17,9151.698896
2021/04/18,9162.58124
2021/04/19,9173.463583
2021/04/20,9184.345927
2021/04/21,9195.228271
2021/04/22,9206.110615
2021/04/23,9216.992958
2021/04/24,9227.875302
2021/04/25,9238.757646
2021/04/26,9249.63999
2021/04/27,9260.522333
2021/04/28,9271.404677
2021/04/29,9282.287021
2021/04/30,9293.169365
2021/05/01,9304.051708
2021/05/02,9314.934052
2021/05/03,9325.816396
2021/05/04,9336.698739
2021/05/05,9347.581083
2021/05/06,9358.463427
2021/05/07,9369.345771
2021/05/08,9380.228114
2021/05/09,9391.110458
2021/05/10,9401.992802
2021/05/11,9412.875146
2021/05/12,9423.757489
2021/05/13,9434.639833
2021/05/14,9445.522177
2021/05/15,9456.404521
2021/05/16,9467.286864
2021/05/17,9478.169208
2021/05/18,9489.051552
2021/05/19,9499.933896
2021/05/20,9510.816239
2021/05/21,9521.698583
2021/05/22,9532.580927
2021/05/23,9543.46327
2021/05/24,9554.345614
2021/05/25,9565.227958
2021/05/26,9576.110302
2021/05/27,9586.992645
2021/05/28,9597.874989
2021/05/29,9608.757333
2021/05/30,9619.639677
2021/05/31,9630.52202
2021/06/01,9641.404364
2021/06/02,9652.286708
2021/06/03,9663.169052
2021/06/04,9674.051395
2021/06/05,9684.933739
2021/06/06,9695.816083
2021/06/07,9706.698426
2021/06/08,9717.58077
2021/06/09,9728.463114
2021/06/10,9739.345458
2021/06/11,9750.227801
2021/06/12,9761.110145
2021/06/13,9771.992489
2021/06/14,9782.874833
2021/06/15,9793.757176
2021/06/16,9804.63952
2021/06/17,9815.521864
2021/06/18,9826.404208
2021/06/19,9837.286551
2021/06/20,9848.168895
2021/06/21,9859.051239
2021/06/22,9869.933583
2021/06/23,9880.815926
2021/06/24,9891.69827
2021/06/25,9902.580614
2021/06/26,9913.462957
2021/06/27,9924.345301
2021/06/28,9935.227645
2021/06/29,9946.109989
2021/06/30,9956.992332
2021/07/01,9967.874676
2021/07/02,9978.75702
2021/07/03,9989.639364
2021/07/04,10000.52171
2021/07/05,10011.40405
2021/07/06,10022.28639
2021/07/07,10033.16874
2021/07/08,10044.05108
2021/07/09,10054.93343
2021/07/10,10065.81577
2021/07/11,10076.69811
2021/07/12,10087.58046
2021/07/13,10098.4628
2021/07/14,10109.34514
2021/07/15,10120.22749
2021/07/16,10131.10983
2021/07/17,10141.99218
2021/07/18,10152.87452
2021/07/19,10163.75686
2021/07/20,10174.63921
2021/07/21,10185.52155
2021/07/22,10196.40389
2021/07/23,10207.28624
2021/07/24,10218.16858
2021/07/25,10229.05093
2021/07/26,10239.93327
2021/07/27,10250.81561
2021/07/28,10261.69796
2021/07/29,10272.5803
2021/07/30,10283.46264
2021/07/31,10294.34499
2021/08/01,10305.22733
2021/08/02,10316.10968
2021/08/03,10326.99202
2021/08/04,10337.87436
2021/08/05,10348.75671
2021/08/06,10359.63905
2021/08/07,10370.52139
2021/08/08,10381.40374
2021/08/09,10392.28608
2021/08/10,10403.16843
2021/08/11,10414.05077
2021/08/12,10424.93311
2021/08/13,10435.81546
2021/08/14,10446.6978
2021/08/15,10457.58014
2021/08/16,10468.46249
2021/08/17,10479.34483
2021/08/18,10490.22718
2021/08/19,10501.10952
2021/08/20,10511.99186
2021/08/21,10522.87421
2021/08/22,10533.75655
2021/08/23,10544.63889
2021/08/24,10555.52124
2021/08/25,10566.40358
2021/08/26,10577.28593
2021/08/27,10588.16827
2021/08/28,10599.05061
2021/08/29,10609.93296
2021/08/30,10620.8153
2021/08/31,10631.69764
2021/09/01,10642.57999
2021/09/02,10653.46233
2021/09/03,10664.34468
2021/09/04,10675.22702
2021/09/05,10686.10936
2021/09/06,10696.99171
2021/09/07,10707.87405
2021/09/08,10718.75639
2021/09/09,10729.63874
2021/09/10,10740.52108
2021/09/11,10751.40343
2021/09/12,10762.28577
2021/09/13,10773.16811
2021/09/14,10784.05046
2021/09/15,10794.9328
2021/09/16,10805.81514
2021/09/17,10816.69749
2021/09/18,10827.57983
2021/09/19,10838.46218
2021/09/20,10849.34452
2021/09/21,10860.22686
2021/09/22,10871.10921
2021/09/23,10881.99155
2021/09/24,10892.87389
2021/09/25,10903.75624
2021/09/26,10914.63858
2021/09/27,10925.52092
2021/09/28,10936.40327
2021/09/29,10947.28561
2021/09/30,10958.16796
2021/10/01,10969.0503
2021/10/02,10979.93264
2021/10/03,10990.81499
2021/10/04,11001.69733
2021/10/05,11012.57967
2021/10/06,11023.46202
2021/10/07,11034.34436
2021/10/08,11045.22671
2021/10/09,11056.10905
2021/10/10,11066.99139
2021/10/11,11077.87374
2021/10/12,11088.75608
2021/10/13,11099.63842
2021/10/14,11110.52077
2021/10/15,11121.40311
2021/10/16,11132.28546
2021/10/17,11143.1678
2021/10/18,11154.05014
2021/10/19,11164.93249
2021/10/20,11175.81483
2021/10/21,11186.69717
2021/10/22,11197.57952
2021/10/23,11208.46186
2021/10/24,11219.34421
2021/10/25,11230.22655
2021/10/26,11241.10889
2021/10/27,11251.99124
2021/10/28,11262.87358
2021/10/29,11273.75592
2021/10/30,11284.63827
2021/10/31,11295.52061
2021/11/01,11306.40296
2021/11/02,11317.2853
2021/11/03,11328.16764
2021/11/04,11339.04999
2021/11/05,11349.93233
2021/11/06,11360.81467
2021/11/07,11371.69702
2021/11/08,11382.57936
2021/11/09,11393.46171
2021/11/10,11404.34405
2021/11/11,11415.22639
2021/11/12,11426.10874
2021/11/13,11436.99108
2021/11/14,11447.87342
2021/11/15,11458.75577
2021/11/16,11469.63811
2021/11/17,11480.52046
2021/11/18,11491.4028
2021/11/19,11502.28514
2021/11/20,11513.16749
2021/11/21,11524.04983
2021/11/22,11534.93217
2021/11/23,11545.81452
2021/11/24,11556.69686
2021/11/25,11567.57921
2021/11/26,11578.46155
2021/11/27,11589.34389
2021/11/28,11600.22624
2021/11/29,11611.10858
2021/11/30,11621.99092
2021/12/01,11632.87327
2021/12/02,11643.75561
2021/12/03,11654.63796
2021/12/04,11665.5203
2021/12/05,11676.40264
2021/12/06,11687.28499
2021/12/07,11698.16733
2021/12/08,11709.04967
2021/12/09,11719.93202
2021/12/10,11730.81436
2021/12/11,11741.69671
2021/12/12,11752.57905
2021/12/13,11763.46139
2021/12/14,11774.34374
2021/12/15,11785.22608
2021/12/16,11796.10842
2021/12/17,11806.99077
2021/12/18,11817.87311
2021/12/19,11828.75546
2021/12/20,11839.6378
2021/12/21,11850.52014
2021/12/22,11861.40249
2021/12/23,11872.28483
2021/12/24,11883.16717
2021/12/25,11894.04952
2021/12/26,11904.93186
2021/12/27,11915.8142
2021/12/28,11926.69655
2021/12/29,11937.57889
2021/12/30,11948.46124
2021/12/31,11959.34358
2022/01/01,11970.22592
2022/01/02,11981.10827
2022/01/03,11991.99061
2022/01/04,12002.87295
2022/01/05,12013.7553
2022/01/06,12024.63764
2022/01/07,12035.51999
2022/01/08,12046.40233
2022/01/09,12057.28467
2022/01/10,12068.16702
2022/01/11,12079.04936
2022/01/12,12089.9317
2022/01/13,12100.81405
2022/01/14,12111.69639
2022/01/15,12122.57874
2022/01/16,12133.46108
2022/01/17,12144.34342
2022/01/18,12155.22577
2022/01/19,12166.10811
2022/01/20,12176.99045
2022/01/21,12187.8728
2022/01/22,12198.75514
2022/01/23,12209.63749
2022/01/24,12220.51983
2022/01/25,12231.40217
2022/01/26,12242.28452
2022/01/27,12253.16686
2022/01/28,12264.0492
2022/01/29,12274.93155
2022/01/30,12285.81389
2022/01/31,12296.69624
2022/02/01,12307.57858
2022/02/02,12318.46092
2022/02/03,12329.34327
2022/02/04,12340.22561
2022/02/05,12351.10795
2022/02/06,12361.9903
2022/02/07,12372.87264
2022/02/08,12383.75499
2022/02/09,12394.63733
2022/02/10,12405.51967
2022/02/11,12416.40202
2022/02/12,12427.28436
2022/02/13,12438.1667
2022/02/14,12449.04905
2022/02/15,12459.93139
2022/02/16,12470.81374
2022/02/17,12481.69608
2022/02/18,12492.57842
2022/02/19,12503.46077
2022/02/20,12514.34311
2022/02/21,12525.22545
2022/02/22,12536.1078
2022/02/23,12546.99014
2022/02/24,12557.87249
2022/02/25,12568.75483
2022/02/26,12579.63717
2022/02/27,12590.51952
2022/02/28,12601.40186
2022/03/01,12612.2842
2022/03/02,12623.16655
2022/03/03,12634.04889
2022/03/04,12644.93124
2022/03/05,12655.81358
2022/03/06,12666.69592
2022/03/07,12677.57827
2022/03/08,12688.46061
2022/03/09,12699.34295
2022/03/10,12710.2253
2022/03/11,12721.10764
2022/03/12,12731.98999
2022/03/13,12742.87233
2022/03/14,12753.75467
2022/03/15,12764.63702
2022/03/16,12775.51936
2022/03/17,12786.4017
2022/03/18,12797.28405
2022/03/19,12808.16639
2022/03/20,12819.04874
2022/03/21,12829.93108
2022/03/22,12840.81342
2022/03/23,12851.69577
2022/03/24,12862.57811
2022/03/25,12873.46045
2022/03/26,12884.3428
2022/03/27,12895.22514
2022/03/28,12906.10749
2022/03/29,12916.98983
2022/03/30,12927.87217
2022/03/31,12938.75452
2022/04/01,12949.63686
2022/04/02,12960.5192
2022/04/03,12971.40155
2022/04/04,12982.28389
2022/04/05,12993.16623
2022/04/06,13004.04858
2022/04/07,13014.93092
2022/04/08,13025.81327
2022/04/09,13036.69561
2022/04/10,13047.57795
2022/04/11,13058.4603
2022/04/12,13069.34264
2022/04/13,13080.22498
2022/04/14,13091.10733
2022/04/15,13101.98967
2022/04/16,13112.87202
2022/04/17,13123.75436
2022/04/18,13134.6367
2022/04/19,13145.51905
2022/04/20,13156.40139
2022/04/21,13167.28373
2022/04/22,13178.16608
2022/04/23,13189.04842
2022/04/24,13199.93077
2022/04/25,13210.81311
2022/04/26,13221.69545
2022/04/27,13232.5778
2022/04/28,13243.46014
2022/04/29,13254.34248
2022/04/30,13265.22483
2022/05/01,13276.10717
2022/05/02,13286.98952
2022/05/03,13297.87186
2022/05/04,13308.7542
2022/05/05,13319.63655
2022/05/06,13330.51889
2022/05/07,13341.40123
2022/05/08,13352.28358
2022/05/09,13363.16592
2022/05/10,13374.04827
2022/05/11,13384.93061
2022/05/12,13395.81295
2022/05/13,13406.6953
2022/05/14,13417.57764
2022/05/15,13428.45998
2022/05/16,13439.34233
2022/05/17,13450.22467
2022/05/18,13461.10702
2022/05/19,13471.98936
2022/05/20,13482.8717
2022/05/21,13493.75405
2022/05/22,13504.63639
2022/05/23,13515.51873
2022/05/24,13526.40108
2022/05/25,13537.28342
2022/05/26,13548.16577
2022/05/27,13559.04811
2022/05/28,13569.93045
2022/05/29,13580.8128
2022/05/30,13591.69514
2022/05/31,13602.57748
2022/06/01,13613.45983
2022/06/02,13624.34217
2022/06/03,13635.22452
2022/06/04,13646.10686
2022/06/05,13656.9892
2022/06/06,13667.87155
2022/06/07,13678.75389
2022/06/08,13689.63623
2022/06/09,13700.51858
2022/06/10,13711.40092
2022/06/11,13722.28327
2022/06/12,13733.16561
2022/06/13,13744.04795
2022/06/14,13754.9303
2022/06/15,13765.81264
2022/06/16,13776.69498
2022/06/17,13787.57733
2022/06/18,13798.45967
2022/06/19,13809.34202
2022/06/20,13820.22436
2022/06/21,13831.1067
2022/06/22,13841.98905
2022/06/23,13852.87139
2022/06/24,13863.75373
2022/06/25,13874.63608
2022/06/26,13885.51842
2022/06/27,13896.40077
2022/06/28,13907.28311
2022/06/29,13918.16545
2022/06/30,13929.0478
2022/07/01,13939.93014
2022/07/02,13950.81248
2022/07/03,13961.69483
2022/07/04,13972.57717
2022/07/05,13983.45951
2022/07/06,13994.34186
2022/07/07,14005.2242
2022/07/08,14016.10655
2022/07/09,14026.98889
2022/07/10,14037.87123
2022/07/11,14048.75358
2022/07/12,14059.63592
2022/07/13,14070.51826
2022/07/14,14081.40061
2022/07/15,14092.28295
2022/07/16,14103.1653
2022/07/17,14114.04764
2022/07/18,14124.92998
2022/07/19,14135.81233
2022/07/20,14146.69467
2022/07/21,14157.57701
2022/07/22,14168.45936
2022/07/23,14179.3417
2022/07/24,14190.22405
2022/07/25,14201.10639
2022/07/26,14211.98873
2022/07/27,14222.87108
2022/07/28,14233.75342
2022/07/29,14244.63576
2022/07/30,14255.51811
2022/07/31,14266.40045
2022/08/01,14277.2828
2022/08/02,14288.16514
2022/08/03,14299.04748
2022/08/04,14309.92983
2022/08/05,14320.81217
2022/08/06,14331.69451
2022/08/07,14342.57686
2022/08/08,14353.4592
2022/08/09,14364.34155
2022/08/10,14375.22389
2022/08/11,14386.10623
2022/08/12,14396.98858
2022/08/13,14407.87092
2022/08/14,14418.75326
2022/08/15,14429.63561
2022/08/16,14440.51795
2022/08/17,14451.4003
2022/08/18,14462.28264
2022/08/19,14473.16498
2022/08/20,14484.04733
2022/08/21,14494.92967
2022/08/22,14505.81201
2022/08/23,14516.69436
2022/08/24,14527.5767
2022/08/25,14538.45905
2022/08/26,14549.34139
2022/08/27,14560.22373
2022/08/28,14571.10608
2022/08/29,14581.98842
2022/08/30,14592.87076
2022/08/31,14603.75311
2022/09/01,14614.63545
2022/09/02,14625.5178
2022/09/03,14636.40014
2022/09/04,14647.28248
2022/09/05,14658.16483
2022/09/06,14669.04717
2022/09/07,14679.92951
2022/09/08,14690.81186
2022/09/09,14701.6942
2022/09/10,14712.57655
2022/09/11,14723.45889
2022/09/12,14734.34123
2022/09/13,14745.22358
2022/09/14,14756.10592
2022/09/15,14766.98826
2022/09/16,14777.87061
2022/09/17,14788.75295
2022/09/18,14799.6353
2022/09/19,14810.51764
2022/09/20,14821.39998
2022/09/21,14832.28233
2022/09/22,14843.16467
2022/09/23,14854.04701
2022/09/24,14864.92936
2022/09/25,14875.8117
2022/09/26,14886.69405
2022/09/27,14897.57639
2022/09/28,14908.45873
2022/09/29,14919.34108
2022/09/30,14930.22342
2022/10/01,14941.10576
2022/10/02,14951.98811
2022/10/03,14962.87045
2022/10/04,14973.75279
2022/10/05,14984.63514
2022/10/06,14995.51748
2022/10/07,15006.39983
2022/10/08,15017.28217
2022/10/09,15028.16451
2022/10/10,15039.04686
2022/10/11,15049.9292
2022/10/12,15060.81154
2022/10/13,15071.69389
2022/10/14,15082.57623
2022/10/15,15093.45858
2022/10/16,15104.34092
2022/10/17,15115.22326
2022/10/18,15126.10561
2022/10/19,15136.98795
2022/10/20,15147.87029
2022/10/21,15158.75264
2022/10/22,15169.63498
2022/10/23,15180.51733
2022/10/24,15191.39967
2022/10/25,15202.28201
2022/10/26,15213.16436
2022/10/27,15224.0467
2022/10/28,15234.92904
2022/10/29,15245.81139
2022/10/30,15256.69373
2022/10/31,15267.57608
2022/11/01,15278.45842
2022/11/02,15289.34076
2022/11/03,15300.22311
2022/11/04,15311.10545
2022/11/05,15321.98779
2022/11/06,15332.87014
2022/11/07,15343.75248
2022/11/08,15354.63483
2022/11/09,15365.51717
2022/11/10,15376.39951
2022/11/11,15387.28186
2022/11/12,15398.1642
2022/11/13,15409.04654
2022/11/14,15419.92889
2022/11/15,15430.81123
2022/11/16,15441.69358
2022/11/17,15452.57592
2022/11/18,15463.45826
2022/11/19,15474.34061
2022/11/20,15485.22295
2022/11/21,15496.10529
2022/11/22,15506.98764
2022/11/23,15517.86998
2022/11/24,15528.75233
2022/11/25,15539.63467
2022/11/26,15550.51701
2022/11/27,15561.39936
2022/11/28,15572.2817
2022/11/29,15583.16404
2022/11/30,15594.04639
2022/12/01,15604.92873
2022/12/02,15615.81108
2022/12/03,15626.69342
2022/12/04,15637.57576
2022/12/05,15648.45811
2022/12/06,15659.34045
2022/12/07,15670.22279
2022/12/08,15681.10514
2022/12/09,15691.98748
2022/12/10,15702.86983
2022/12/11,15713.75217
2022/12/12,15724.63451
2022/12/13,15735.51686
2022/12/14,15746.3992
2022/12/15,15757.28154
2022/12/16,15768.16389
2022/12/17,15779.04623
2022/12/18,15789.92858
2022/12/19,15800.81092
2022/12/20,15811.69326
2022/12/21,15822.57561
2022/12/22,15833.45795
2022/12/23,15844.34029
2022/12/24,15855.22264
2022/12/25,15866.10498
2022/12/26,15876.98733
2022/12/27,15887.86967
2022/12/28,15898.75201
2022/12/29,15909.63436
2022/12/30,15920.5167
2022/12/31,15931.39904
2023/01/01,15942.28139
2023/01/02,15953.16373
2023/01/03,15964.04607
2023/01/04,15974.92842
2023/01/05,15985.81076
2023/01/06,15996.69311
2023/01/07,16007.57545
2023/01/08,16018.45779
2023/01/09,16029.34014
2023/01/10,16040.22248
2023/01/11,16051.10482
2023/01/12,16061.98717
2023/01/13,16072.86951
2023/01/14,16083.75186
2023/01/15,16094.6342
2023/01/16,16105.51654
2023/01/17,16116.39889
2023/01/18,16127.28123
2023/01/19,16138.16357
2023/01/20,16149.04592
2023/01/21,16159.92826
2023/01/22,16170.81061
2023/01/23,16181.69295
2023/01/24,16192.57529
2023/01/25,16203.45764
2023/01/26,16214.33998
2023/01/27,16225.22232
2023/01/28,16236.10467
2023/01/29,16246.98701
2023/01/30,16257.86936
2023/01/31,16268.7517
2023/02/01,16279.63404
2023/02/02,16290.51639
2023/02/03,16301.39873
2023/02/04,16312.28107
2023/02/05,16323.16342
2023/02/06,16334.04576
2023/02/07,16344.92811
2023/02/08,16355.81045
2023/02/09,16366.69279
2023/02/10,16377.57514
2023/02/11,16388.45748
2023/02/12,16399.33982
2023/02/13,16410.22217
2023/02/14,16421.10451
2023/02/15,16431.98686
2023/02/16,16442.8692
2023/02/17,16453.75154
2023/02/18,16464.63389
2023/02/19,16475.51623
2023/02/20,16486.39857
2023/02/21,16497.28092
2023/02/22,16508.16326
2023/02/23,16519.04561
2023/02/24,16529.92795
2023/02/25,16540.81029
2023/02/26,16551.69264
2023/02/27,16562.57498
2023/02/28,16573.45732
2023/03/01,16584.33967
2023/03/02,16595.22201
2023/03/03,16606.10436
2023/03/04,16616.9867
2023/03/05,16627.86904
2023/03/06,16638.75139
2023/03/07,16649.63373
2023/03/08,16660.51607
2023/03/09,16671.39842
2023/03/10,16682.28076
2023/03/11,16693.16311
2023/03/12,16704.04545
2023/03/13,16714.92779
2023/03/14,16725.81014
2023/03/15,16736.69248
2023/03/16,16747.57482
2023/03/17,16758.45717
2023/03/18,16769.33951
2023/03/19,16780.22186
2023/03/20,16791.1042
2023/03/21,16801.98654
2023/03/22,16812.86889
2023/03/23,16823.75123
2023/03/24,16834.63357
2023/03/25,16845.51592
2023/03/26,16856.39826
2023/03/27,16867.28061
2023/03/28,16878.16295
2023/03/29,16889.04529
2023/03/30,16899.92764
2023/03/31,16910.80998
2023/04/01,16921.69232
2023/04/02,16932.57467
2023/04/03,16943.45701
2023/04/04,16954.33935
2023/04/05,16965.2217
2023/04/06,16976.10404
2023/04/07,16986.98639
2023/04/08,16997.86873
2023/04/09,17008.75107
2023/04/10,17019.63342
2023/04/11,17030.51576
2023/04/12,17041.3981
2023/04/13,17052.28045
2023/04/14,17063.16279
2023/04/15,17074.04514
2023/04/16,17084.92748
2023/04/17,17095.80982
2023/04/18,17106.69217
2023/04/19,17117.57451
2023/04/20,17128.45685
2023/04/21,17139.3392
2023/04/22,17150.22154
2023/04/23,17161.10389
2023/04/24,17171.98623
2023/04/25,17182.86857
2023/04/26,17193.75092
2023/04/27,17204.63326
2023/04/28,17215.5156
2023/04/29,17226.39795
2023/04/30,17237.28029
2023/05/01,17248.16264
2023/05/02,17259.04498
2023/05/03,17269.92732
2023/05/04,17280.80967
2023/05/05,17291.69201
2023/05/06,17302.57435
2023/05/07,17313.4567
2023/05/08,17324.33904
2023/05/09,17335.22139
2023/05/10,17346.10373
2023/05/11,17356.98607
2023/05/12,17367.86842
2023/05/13,17378.75076
2023/05/14,17389.6331
2023/05/15,17400.51545
2023/05/16,17411.39779
2023/05/17,17422.28014
2023/05/18,17433.16248
2023/05/19,17444.04482
2023/05/20,17454.92717
2023/05/21,17465.80951
2023/05/22,17476.69185
2023/05/23,17487.5742
2023/05/24,17498.45654
2023/05/25,17509.33889
2023/05/26,17520.22123
2023/05/27,17531.10357
2023/05/28,17541.98592
2023/05/29,17552.86826
2023/05/30,17563.7506
2023/05/31,17574.63295
2023/06/01,17585.51529
2023/06/02,17596.39764
2023/06/03,17607.27998
2023/06/04,17618.16232
2023/06/05,17629.04467
2023/06/06,17639.92701
2023/06/07,17650.80935
2023/06/08,17661.6917
2023/06/09,17672.57404
2023/06/10,17683.45639
2023/06/11,17694.33873
2023/06/12,17705.22107
2023/06/13,17716.10342
2023/06/14,17726.98576
2023/06/15,17737.8681
2023/06/16,17748.75045
2023/06/17,17759.63279
2023/06/18,17770.51514
2023/06/19,17781.39748
2023/06/20,17792.27982
2023/06/21,17803.16217
2023/06/22,17814.04451
2023/06/23,17824.92685
2023/06/24,17835.8092
2023/06/25,17846.69154
2023/06/26,17857.57389
2023/06/27,17868.45623
2023/06/28,17879.33857
2023/06/29,17890.22092
2023/06/30,17901.10326
2023/07/01,17911.9856
2023/07/02,17922.86795
2023/07/03,17933.75029
2023/07/04,17944.63263
2023/07/05,17955.51498
2023/07/06,17966.39732
2023/07/07,17977.27967
2023/07/08,17988.16201
2023/07/09,17999.04435
2023/07/10,18009.9267
2023/07/11,18020.80904
2023/07/12,18031.69138
2023/07/13,18042.57373
2023/07/14,18053.45607
2023/07/15,18064.33842
2023/07/16,18075.22076
2023/07/17,18086.1031
2023/07/18,18096.98545
2023/07/19,18107.86779
2023/07/20,18118.75013
2023/07/21,18129.63248
2023/07/22,18140.51482
2023/07/23,18151.39717
2023/07/24,18162.27951
2023/07/25,18173.16185
2023/07/26,18184.0442
2023/07/27,18194.92654
2023/07/28,18205.80888
2023/07/29,18216.69123
2023/07/30,18227.57357
2023/07/31,18238.45592
2023/08/01,18249.33826
2023/08/02,18260.2206
2023/08/03,18271.10295
2023/08/04,18281.98529
2023/08/05,18292.86763
2023/08/06,18303.74998
2023/08/07,18314.63232
2023/08/08,18325.51467
2023/08/09,18336.39701
2023/08/10,18347.27935
2023/08/11,18358.1617
2023/08/12,18369.04404
2023/08/13,18379.92638
2023/08/14,18390.80873
2023/08/15,18401.69107
2023/08/16,18412.57342
2023/08/17,18423.45576
2023/08/18,18434.3381
2023/08/19,18445.22045
2023/08/20,18456.10279
2023/08/21,18466.98513
2023/08/22,18477.86748
2023/08/23,18488.74982
2023/08/24,18499.63217
2023/08/25,18510.51451
2023/08/26,18521.39685
2023/08/27,18532.2792
2023/08/28,18543.16154
2023/08/29,18554.04388
2023/08/30,18564.92623
2023/08/31,18575.80857
2023/09/01,18586.69092
2023/09/02,18597.57326
2023/09/03,18608.4556
2023/09/04,18619.33795
2023/09/05,18630.22029
2023/09/06,18641.10263
2023/09/07,18651.98498
2023/09/08,18662.86732
2023/09/09,18673.74967
2023/09/10,18684.63201
2023/09/11,18695.51435
2023/09/12,18706.3967
2023/09/13,18717.27904
2023/09/14,18728.16138
2023/09/15,18739.04373
2023/09/16,18749.92607
2023/09/17,18760.80842
2023/09/18,18771.69076
2023/09/19,18782.5731
2023/09/20,18793.45545
2023/09/21,18804.33779
2023/09/22,18815.22013
2023/09/23,18826.10248
2023/09/24,18836.98482
2023/09/25,18847.86717
2023/09/26,18858.74951
2023/09/27,18869.63185
2023/09/28,18880.5142
2023/09/29,18891.39654
2023/09/30,18902.27888
2023/10/01,18913.16123
2023/10/02,18924.04357
2023/10/03,18934.92591
2023/10/04,18945.80826
2023/10/05,18956.6906
2023/10/06,18967.57295
2023/10/07,18978.45529
2023/10/08,18989.33763
2023/10/09,19000.21998
2023/10/10,19011.10232
2023/10/11,19021.98466
2023/10/12,19032.86701
2023/10/13,19043.74935
2023/10/14,19054.6317
2023/10/15,19065.51404
2023/10/16,19076.39638
2023/10/17,19087.27873
2023/10/18,19098.16107
2023/10/19,19109.04341
2023/10/20,19119.92576
2023/10/21,19130.8081
2023/10/22,19141.69045
2023/10/23,19152.57279
2023/10/24,19163.45513
2023/10/25,19174.33748
2023/10/26,19185.21982
2023/10/27,19196.10216
2023/10/28,19206.98451
2023/10/29,19217.86685
2023/10/30,19228.7492
2023/10/31,19239.63154
2023/11/01,19250.51388
2023/11/02,19261.39623
2023/11/03,19272.27857
2023/11/04,19283.16091
2023/11/05,19294.04326
2023/11/06,19304.9256
2023/11/07,19315.80795
2023/11/08,19326.69029
2023/11/09,19337.57263
2023/11/10,19348.45498
2023/11/11,19359.33732
2023/11/12,19370.21966
2023/11/13,19381.10201
2023/11/14,19391.98435
2023/11/15,19402.8667
2023/11/16,19413.74904
2023/11/17,19424.63138
2023/11/18,19435.51373
2023/11/19,19446.39607
2023/11/20,19457.27841
2023/11/21,19468.16076
2023/11/22,19479.0431
2023/11/23,19489.92545
2023/11/24,19500.80779
2023/11/25,19511.69013
2023/11/26,19522.57248
2023/11/27,19533.45482
2023/11/28,19544.33716
2023/11/29,19555.21951
2023/11/30,19566.10185
2023/12/01,19576.9842
2023/12/02,19587.86654
2023/12/03,19598.74888
2023/12/04,19609.63123
2023/12/05,19620.51357
2023/12/06,19631.39591
2023/12/07,19642.27826
2023/12/08,19653.1606
2023/12/09,19664.04295
2023/12/10,19674.92529
2023/12/11,19685.80763
2023/12/12,19696.68998
2023/12/13,19707.57232
2023/12/14,19718.45466
2023/12/15,19729.33701
2023/12/16,19740.21935
2023/12/17,19751.1017
2023/12/18,19761.98404
2023/12/19,19772.86638
2023/12/20,19783.74873
2023/12/21,19794.63107
2023/12/22,19805.51341
2023/12/23,19816.39576
2023/12/24,19827.2781
2023/12/25,19838.16045
2023/12/26,19849.04279
2023/12/27,19859.92513
2023/12/28,19870.80748
2023/12/29,19881.68982
2023/12/30,19892.57216
2023/12/31,19903.45451
2024/01/01,19914.33685
2024/01/02,19925.21919
2024/01/03,19936.10154
2024/01/04,19946.98388
2024/01/05,19957.86623
2024/01/06,19968.74857
2024/01/07,19979.63091
2024/01/08,19990.51326
2024/01/09,20001.3956
2024/01/10,20012.27794
2024/01/11,20023.16029
2024/01/12,20034.04263
2024/01/13,20044.92498
2024/01/14,20055.80732
2024/01/15,20066.68966
2024/01/16,20077.57201
2024/01/17,20088.45435
2024/01/18,20099.33669
2024/01/19,20110.21904
2024/01/20,20121.10138
2024/01/21,20131.98373
2024/01/22,20142.86607
2024/01/23,20153.74841
2024/01/24,20164.63076
2024/01/25,20175.5131
2024/01/26,20186.39544
2024/01/27,20197.27779
2024/01/28,20208.16013
2024/01/29,20219.04248
2024/01/30,20229.92482
2024/01/31,20240.80716
2024/02/01,20251.68951
2024/02/02,20262.57185
2024/02/03,20273.45419
2024/02/04,20284.33654
2024/02/05,20295.21888
2024/02/06,20306.10123
2024/02/07,20316.98357
2024/02/08,17781.74967
2024/02/09,20338.74826
2024/02/10,20349.6306
2024/02/11,20360.51294
2024/02/12,20371.39529
2024/02/13,20382.27763
2024/02/14,20393.15998
2024/02/15,20404.04232
2024/02/16,20414.92466
2024/02/17,20425.80701
2024/02/18,20436.68935
2024/02/19,20447.57169
2024/02/20,20458.45404
2024/02/21,20469.33638
2024/02/22,20480.21873
2024/02/23,20491.10107
2024/02/24,20501.98341
2024/02/25,20512.86576
2024/02/26,20523.7481
2024/02/27,20534.63044
2024/02/28,20545.51279
2024/02/29,20556.39513
2024/03/01,20567.27748
2024/03/02,20578.15982
2024/03/03,20589.04216
2024/03/04,20599.92451
2024/03/05,20610.80685
2024/03/06,20621.68919
2024/03/07,20632.57154
2024/03/08,20643.45388
2024/03/09,20654.33623
2024/03/10,20665.21857
2024/03/11,20676.10091
2024/03/12,20686.98326
2024/03/13,20697.8656
2024/03/14,20708.74794
2024/03/15,20719.63029
2024/03/16,20730.51263
2024/03/17,20741.39498
2024/03/18,20752.27732
2024/03/19,20763.15966
2024/03/20,20774.04201
2024/03/21,20784.92435
2024/03/22,20795.80669
2024/03/23,20806.68904
2024/03/24,20817.57138
2024/03/25,20828.45373
2024/03/26,20839.33607
2024/03/27,20850.21841
2024/03/28,20861.10076
2024/03/29,20871.9831
2024/03/30,20882.86544
2024/03/31,20893.74779
2024/04/01,20904.63013
2024/04/02,20915.51248
2024/04/03,20926.39482
2024/04/04,20937.27716
2024/04/05,20948.15951
2024/04/06,20959.04185
2024/04/07,20969.92419
2024/04/08,20980.80654
2024/04/09,20991.68888
2024/04/10,21002.57122
2024/04/11,21013.45357
2024/04/12,21024.33591
2024/04/13,21035.21826
2024/04/14,21046.1006
2024/04/15,21056.98294
2024/04/16,21067.86529
2024/04/17,21078.74763
2024/04/18,21089.62997
2024/04/19,21100.51232
2024/04/20,21111.39466
2024/04/21,21122.27701
2024/04/22,21133.15935
2024/04/23,21144.04169
2024/04/24,21154.92404
2024/04/25,21165.80638
2024/04/26,21176.68872
2024/04/27,21187.57107
2024/04/28,21198.45341
2024/04/29,21209.33576
2024/04/30,21220.2181
2024/05/01,21231.10044
2024/05/02,21241.98279
2024/05/03,21252.86513
2024/05/04,21263.74747
2024/05/05,21274.62982
2024/05/06,21285.51216
2024/05/07,21296.39451
2024/05/08,21307.27685
2024/05/09,21318.15919
2024/05/10,21329.04154
2024/05/11,21339.92388
2024/05/12,21350.80622
2024/05/13,21361.68857
2024/05/14,21372.57091
2024/05/15,21383.45326
2024/05/16,21394.3356
2024/05/17,21405.21794
2024/05/18,21416.10029
2024/05/19,21426.98263
2024/05/20,21437.86497
2024/05/21,21448.74732
2024/05/22,21459.62966
2024/05/23,21470.51201
2024/05/24,21481.39435
2024/05/25,21492.27669
2024/05/26,21503.15904
2024/05/27,21514.04138
2024/05/28,21524.92372
2024/05/29,21535.80607
2024/05/30,21546.68841
2024/05/31,21557.57076
2024/06/01,21568.4531
2024/06/02,21579.33544
2024/06/03,21590.21779
2024/06/04,21601.10013
2024/06/05,21611.98247
2024/06/06,21622.86482
2024/06/07,21633.74716
2024/06/08,21644.62951
2024/06/09,21655.51185
2024/06/10,21666.39419
2024/06/11,21677.27654
2024/06/12,21688.15888
2024/06/13,21699.04122
2024/06/14,21709.92357
2024/06/15,21720.80591
2024/06/16,21731.68826
2024/06/17,21742.5706
2024/06/18,21753.45294
2024/06/19,21764.33529
2024/06/20,21775.21763
2024/06/21,21786.09997
2024/06/22,21796.98232
2024/06/23,21807.86466
2024/06/24,21818.74701
2024/06/25,21829.62935
2024/06/26,21840.51169
2024/06/27,21851.39404
2024/06/28,21862.27638
2024/06/29,21873.15872
2024/06/30,21884.04107
2024/07/01,21894.92341
2024/07/02,21905.80576
2024/07/03,21916.6881
2024/07/04,21927.57044
2024/07/05,21938.45279
2024/07/06,21949.33513
2024/07/07,21960.21747
2024/07/08,21971.09982
2024/07/09,21981.98216
2024/07/10,21992.8645
2024/07/11,22003.74685
2024/07/12,22014.62919
2024/07/13,22025.51154
2024/07/14,22036.39388
2024/07/15,22047.27622
2024/07/16,22058.15857
2024/07/17,22069.04091
2024/07/18,22079.92325
2024/07/19,22090.8056
2024/07/20,22101.68794
2024/07/21,22112.57029
2024/07/22,22123.45263
2024/07/23,22134.33497
2024/07/24,22145.21732
2024/07/25,22156.09966
2024/07/26,22166.982
2024/07/27,22177.86435
2024/07/28,22188.74669
2024/07/29,22199.62904
2024/07/30,22210.51138
2024/07/31,22221.39372
2024/08/01,22232.27607
2024/08/02,22243.15841
2024/08/03,22254.04075
2024/08/04,22264.9231
2024/08/05,22275.80544
2024/08/06,22286.68779
2024/08/07,22297.57013
2024/08/08,22308.45247
2024/08/09,22319.33482
2024/08/10,22330.21716
2024/08/11,22341.0995
2024/08/12,22351.98185
2024/08/13,22362.86419
2024/08/14,22373.74654
2024/08/15,22384.62888
2024/08/16,22395.51122
2024/08/17,22406.39357
2024/08/18,22417.27591
2024/08/19,22428.15825
2024/08/20,22439.0406
2024/08/21,22449.92294
2024/08/22,22460.80529
2024/08/23,22471.68763
2024/08/24,22482.56997
2024/08/25,22493.45232
2024/08/26,22504.33466
2024/08/27,22515.217
2024/08/28,22526.09935
2024/08/29,22536.98169
2024/08/30,22547.86404
2024/08/31,22558.74638
2024/09/01,22569.62872
2024/09/02,22580.51107
2024/09/03,22591.39341
2024/09/04,22602.27575
2024/09/05,22613.1581
2024/09/06,22624.04044
2024/09/07,22634.92279
2024/09/08,22645.80513
2024/09/09,22656.68747
2024/09/10,22667.56982
2024/09/11,22678.45216
2024/09/12,22689.3345
2024/09/13,22700.21685
